Комплектующие ЯМЗ;250513-П29 Гайка;250513-П29;Гайка;0,00р.;;;;;;;предоплата;заказ
Комплектующие ЯМЗ;250615-П2 Гайка;250615-П2;Гайка;6,24р.;;;;;;;предоплата;в наличии
Комплектующие ЯМЗ;311423-П5 Гайка;311423-П5;Гайка;59,40р.;;;;;;;предоплата;196
Комплектующие ЯМЗ;311445-П5 Гайка;311445-П5;Гайка;0,00р.;;;;;;;предоплата;454
Комплектующие ЯМЗ;311516-П15 Гайка;311516-П15;Гайка;63,57р.;;;;;;;предоплата;в наличии
Комплектующие ЯМЗ;236-1003016-Б Шпилька головки цилиндров;236-1003016-Б;Шпилька головки цилиндров;96,29р.;;;;;;;предоплата;203
Комплектующие ЯМЗ;240-1003017-В Шпилька головки цилиндров;240-1003017-В;Шпилька головки цилиндров;0,00р.;;;;;;;предоплата;в наличии
Комплектующие ЯМЗ;240-1003019 Шпилька головки цилиндров;240-1003019;Шпилька головки цилиндров;0,00р.;;;;;;;предоплата;50
Комплектующие ЯМЗ;7511-1003016-20 Шпилька головки цилиндров;7511-1003016-20;Шпилька головки цилиндров;155,76р.;;;;;;;предоплата;171
Комплектующие ЯМЗ;216233-П29 Шпилька;216233-П29;Шпилька;5,40р.;;;;;;;предоплата;148
Комплектующие ЯМЗ;216235-П29 Шпилька;216235-П29;Шпилька;6,19р.;;;;;;;предоплата;66
Комплектующие ЯМЗ;310420-П2 Шпилька;310420-П2;Шпилька;57,20р.;;;;;;;предоплата;в наличии
Комплектующие ЯМЗ;310423-П29 Шпилька (216259-П29);310423-П29;Шпилька (216259-П29);5,40р.;;;;;;;предоплата;106
Комплектующие ЯМЗ;310438-П2 Шпилька;310438-П2;Шпилька;0,00р.;;;;;;;предоплата;53
Комплектующие ЯМЗ;310443-П Шпилька;310443-П;Шпилька;8,00р.;;;;;;;предоплата;в наличии
Комплектующие ЯМЗ;314650-П29 Ниппель;314650-П29;Ниппель;0,00р.;;;;;;;предоплата;90
Комплектующие ЯМЗ;314656-П29 Ниппель;314656-П29;Ниппель;0,00р.;;;;;;;предоплата;80
Комплектующие ЯМЗ;236-1701145-А Шпонка;236-1701145-А;Шпонка;100,00р.;;;;;;;предоплата;85
Комплектующие ЯМЗ;314000-П Шпонка;314000-П;Шпонка;0,00р.;;;;;;;предоплата;140
Комплектующие ЯМЗ;314001-П Шпонка;314001-П;Шпонка;0,00р.;;;;;;;предоплата;386
Комплектующие ЯМЗ;314004-П Шпонка;314004-П;Шпонка;65,78р.;;;;;;;предоплата;в наличии
Комплектующие ЯМЗ;314006-П2 Шпонка;314006-П2;Шпонка;0,00р.;;;;;;;предоплата;73
Комплектующие ЯМЗ;314008-П2 Шпонка;314008-П2;Шпонка;20,28р.;;;;;;;предоплата;в наличии
Комплектующие ЯМЗ;236-1007262 Манжета впускного клапана (в комплекте) ;236-1007262;Манжета впускного клапана (в комплекте) ;4,50р.;;;;;;;предоплата;503
Комплектующие ЯМЗ;236-1007262 Манжета впускного клапана ЯЗРТИ (в комплекте);236-1007262;Манжета впускного клапана ЯЗРТИ (в комплекте);4,50р.;;;;;;;предоплата;503
Комплектующие ЯМЗ;236-1106264 Клапан ТННД;236-1106264;Клапан ТННД;5,07р.;;;;;;;предоплата;в наличии
Комплектующие ЯМЗ;236-1106342 Колпачок защитный;236-1106342;Колпачок защитный;0,00р.;;;;;;;предоплата;932
Комплектующие ЯМЗ;236-1110517-Б Сухарь ведущей шестерни;236-1110517-Б;Сухарь ведущей шестерни;3,51р.;;;;;;;предоплата;в наличии
Комплектующие ЯМЗ;236-1112230-Б Уплотнитель штуцера форсунки;236-1112230-Б;Уплотнитель штуцера форсунки;31,72р.;;;;;;;предоплата;в наличии
Комплектующие ЯМЗ;238Д-1003214-Б Уплотнитель штанговой полости (фторкаучук);238Д-1003214-Б;Уплотнитель штанговой полости (фторкаучук);103,61р.;;;;;;;предоплата;в наличии
Комплектующие ЯМЗ;238Д-1003214-Б Уплотнитель штанговой полости (фторсиликон);238Д-1003214-Б;Уплотнитель штанговой полости (фторсиликон);103,61р.;;;;;;;предоплата;в наличии
Комплектующие ЯМЗ;238Д-1003215-Б Уплоннитель слива масла (фторкаучук);238Д-1003215-Б;Уплоннитель слива масла (фторкаучук);28,73р.;;;;;;;предоплата;в наличии
Комплектующие ЯМЗ;238Д-1003215-Б Уплоннитель слива масла (фторсиликон);238Д-1003215-Б;Уплоннитель слива масла (фторсиликон);28,73р.;;;;;;;предоплата;в наличии
Комплектующие ЯМЗ;238Д-1003500 Уплотнитель подвода воды (фторкаучук);238Д-1003500;Уплотнитель подвода воды (фторкаучук);72,61р.;;;;;;;предоплата;в наличии
Комплектующие ЯМЗ;238Д-1003500 Уплотнитель подвода воды (фторсиликон);238Д-1003500;Уплотнитель подвода воды (фторсиликон);72,61р.;;;;;;;предоплата;в наличии
Комплектующие ЯМЗ;238Д-1003523-Б Уплотнитель шпильки (фторкаучук);238Д-1003523-Б;Уплотнитель шпильки (фторкаучук);21,58р.;;;;;;;предоплата;в наличии
Комплектующие ЯМЗ;238Д-1003523-Б Уплотнитель шпильки (фторсиликон);238Д-1003523-Б;Уплотнитель шпильки (фторсиликон);21,58р.;;;;;;;предоплата;в наличии
Комплектующие ЯМЗ;238Д-1003524 Уплотнитель (резина);238Д-1003524;Уплотнитель (резина);8,97р.;;;;;;;предоплата;в наличии
Комплектующие ЯМЗ;238Д-1003524 Уплотнитель (силикон);238Д-1003524;Уплотнитель (силикон);8,97р.;;;;;;;предоплата;в наличии
Комплектующие ЯМЗ;238АК-1005514 Втулка пальца;238АК-1005514;Втулка пальца;13,26р.;;;;;;;предоплата;в наличии
Комплектующие ЯМЗ;238НБ-1017045-Б2 Чашка заборника;238НБ-1017045-Б2;Чашка заборника;94,38р.;;;;;;;предоплата;в наличии
Комплектующие ЯМЗ;238-1722041 Манжета поршня цилиндра;238-1722041;Манжета поршня цилиндра;36,47р.;;;;;;;предоплата;в наличии
Комплектующие ЯМЗ;239-1722041-01 Манжета поршня цилиндра;239-1722041-01;Манжета поршня цилиндра;37,83р.;;;;;;;предоплата;в наличии
Комплектующие ЯМЗ;238-1723070-А Мембрана;238-1723070-А;Мембрана;28,99р.;;;;;;;предоплата;в наличии
Комплектующие ЯМЗ;238Н-1723290 Диафрагма демультипликатора;238Н-1723290;Диафрагма демультипликатора;26,52р.;;;;;;;предоплата;в наличии
Комплектующие ЯМЗ;240-1017298 Втулка уплотнительная фильтра масляного;240-1017298;Втулка уплотнительная фильтра масляного;10,53р.;;;;;;;предоплата;в наличии
Комплектующие ЯМЗ;240-1104344 Уплотнитель трубки высокого давления;240-1104344;Уплотнитель трубки высокого давления;4,75р.;;;;;;;предоплата;в наличии
Комплектующие ЯМЗ;240-1104350 Уплотнитель трубки высокого давления;240-1104350;Уплотнитель трубки высокого давления;9,10р.;;;;;;;предоплата;в наличии
Комплектующие ЯМЗ;240-1305025 Клапан;240-1305025;Клапан;20,48р.;;;;;;;предоплата;в наличии
Комплектующие ЯМЗ;240-1307038 Манжета водяного насоса;240-1307038;Манжета водяного насоса;27,43р.;;;;;;;предоплата;в наличии
Комплектующие ЯМЗ;240Н-1110878 Диафрагма корректора подачи топлива ТНВД ;240Н-1110878;Диафрагма корректора подачи топлива ТНВД ;22,10р.;;;;;;;предоплата;90
Комплектующие ЯМЗ;240-3701034-Б Оболочка муфты;240-3701034-Б;Оболочка муфты;126,04р.;;;;;;;предоплата;в наличии
Комплектующие ЯМЗ;421-1110878-01 Мембрана корректора;421-1110878-01;Мембрана корректора;16,77р.;;;;;;;предоплата;в наличии
Комплектующие ЯМЗ;5340-3509526 Заглушка;5340-3509526;Заглушка;105,50р.;;;;;;;предоплата;в наличии
Комплектующие ЯМЗ;5340-3763142 Заглушка;5340-3763142;Заглушка;19,18р.;;;;;;;предоплата;в наличии
Комплектующие ЯМЗ;536-1117153 Демпфер;536-1117153;Демпфер;0,00р.;;;;;;;предоплата;заказ
Комплектующие ЯМЗ;658-1306054 Уплотнитель 5340-1306054-01 (силикон);658-1306054;Уплотнитель 5340-1306054-01 (силикон);26,91р.;;;;;;;предоплата;в наличии
Комплектующие ЯМЗ;6585-1104344 Уплотнитель (силикон);6585-1104344;Уплотнитель (силикон);14,56р.;;;;;;;предоплата;в наличии
Комплектующие ЯМЗ;740-1007262-01 Манжета впускного клапана (в комплекте) (красная);740-1007262-01;Манжета впускного клапана (в комплекте) (красная);5,85р.;;;;;;;предоплата;в наличии
Комплектующие ЯМЗ;7511-1104344 Уплотнитель трубки высокого давления;7511-1104344;Уплотнитель трубки высокого давления;10,40р.;;;;;;;предоплата;в наличии
Комплектующие ЯМЗ;840-1012298-10 Втулка ФТОМ;840-1012298-10;Втулка ФТОМ;9,95р.;;;;;;;предоплата;в наличии
Комплектующие ЯМЗ;840-1307038 Манжета водяного насоса;840-1307038;Манжета водяного насоса;14,17р.;;;;;;;предоплата;в наличии
Комплектующие ЯМЗ;850-1307062 Манжета водяного насоса;850-1307062;Манжета водяного насоса;24,90р.;;;;;;;предоплата;в наличии
Комплектующие ЯМЗ;921-1110878 Мембрана;921-1110878;Мембрана;0,00р.;;;;;;;предоплата;заказ
Комплектующие ЯМЗ;236-1104308-В Трубка топливная высокого давления (старого образца)                              ;236-1104308-В;Трубка топливная высокого давления (старого образца)                              ;130,00р.;;;;;;;предоплата;30
Комплектующие ЯМЗ;236-1104308-Г 7511-1104308-10 Трубка топливная высокого давления общ.головки (нового образца)      ;236-1104308-Г;7511-1104308-10 Трубка топливная высокого давления общ.головки (нового образца)      ;204,49р.;;;;;;;предоплата;в наличии
Комплектующие ЯМЗ;236-1104334 Трубка отвода топлива от плунжерных пар;236-1104334;Трубка отвода топлива от плунжерных пар;52,80р.;;;;;;;предоплата;7
Комплектующие ЯМЗ;236-1104346-В Трубка топливная отводящая ЯМЗ;236-1104346-В;Трубка топливная отводящая ЯМЗ;70,80р.;;;;;;;предоплата;11
Комплектующие ЯМЗ;236-1104370-Б Трубка дренажная                                                                                              ;236-1104370-Б;Трубка дренажная                                                                                              ;68,40р.;;;;;;;предоплата;19
Комплектующие ЯМЗ;236НЕ2-1104373-Б Трубка отводящая от головок;236НЕ2-1104373-Б;Трубка отводящая от головок;102,00р.;;;;;;;предоплата;27
Комплектующие ЯМЗ;236-1104384 Трубка топливная отводящая от ФТОТ  ЯМЗ;236-1104384;Трубка топливная отводящая от ФТОТ  ЯМЗ;61,20р.;;;;;;;предоплата;23
Комплектующие ЯМЗ;236-1104384-Б Трубка топливная отводящая от ФТОТ  ЯМЗ;236-1104384-Б;Трубка топливная отводящая от ФТОТ  ЯМЗ;0,00р.;;;;;;;предоплата;30
Комплектующие ЯМЗ;236-1104384-Г Трубка топливная отводящая от ФТОТ  ЯМЗ;236-1104384-Г;Трубка топливная отводящая от ФТОТ  ЯМЗ;0,00р.;;;;;;;предоплата;5
Комплектующие ЯМЗ;236-1104422-В Трубка топливная отводящая  ЯМЗ;236-1104422-В;Трубка топливная отводящая  ЯМЗ;61,20р.;;;;;;;предоплата;23
Комплектующие ЯМЗ;236-1104426 Трубка топливная подводящая ЯМЗ;236-1104426;Трубка топливная подводящая ЯМЗ;58,06р.;;;;;;;предоплата;21
Комплектующие ЯМЗ;236-1104426-В Трубка топливная подводящая ЯМЗ;236-1104426-В;Трубка топливная подводящая ЯМЗ;0,00р.;;;;;;;предоплата;40
Комплектующие ЯМЗ;236-1104426-Д Трубка топливная подводящая ЯМЗ;236-1104426-Д;Трубка топливная подводящая ЯМЗ;326,70р.;;;;;;;предоплата;6
Комплектующие ЯМЗ;236-1111614 Трубка подвода масла к ТНВД                                                                          ;236-1111614;Трубка подвода масла к ТНВД                                                                          ;50,40р.;;;;;;;предоплата; в наличии мало
Комплектующие ЯМЗ;236-1111620 Трубка отвода масла от ТНВД;236-1111620;Трубка отвода масла от ТНВД;49,20р.;;;;;;;предоплата;47
Комплектующие ЯМЗ;236-1601230 Трубка (шланг) смазки муфты;236-1601230;Трубка (шланг) смазки муфты;67,08р.;;;;;;;предоплата;в наличии
Комплектующие ЯМЗ;238-1104346-В Трубка топливная отводящая  ЯМЗ;238-1104346-В;Трубка топливная отводящая  ЯМЗ;73,20р.;;;;;;;предоплата;в наличии
Комплектующие ЯМЗ;238-1104370-Б Трубка дренажная                                                                             ;238-1104370-Б;Трубка дренажная                                                                             ;132,00р.;;;;;;;предоплата;54
Комплектующие ЯМЗ;238БМ-1104370 Трубка дренажная (разд.головки) ЯМЗ;238БМ-1104370;Трубка дренажная (разд.головки) ЯМЗ;102,96р.;;;;;;;предоплата;в наличии
Комплектующие ЯМЗ;238БМ-1104384 Трубка топливная отводящая  ЯМЗ;238БМ-1104384;Трубка топливная отводящая  ЯМЗ;62,40р.;;;;;;;предоплата;35
Комплектующие ЯМЗ;238БМ-1104422-А Трубка топливная отводящая от ТННД   ЯМЗ;238БМ-1104422-А;Трубка топливная отводящая от ТННД   ЯМЗ;0,00р.;;;;;;;предоплата;25
Комплектующие ЯМЗ;238-1104422-В Трубка топливная отводящая  ЯМЗ;238-1104422-В;Трубка топливная отводящая  ЯМЗ;62,40р.;;;;;;;предоплата;37
Комплектующие ЯМЗ;238БМ-1104426 Трубка топливноя подводящая ЯМЗ    ;238БМ-1104426;Трубка топливноя подводящая ЯМЗ    ;0,00р.;;;;;;;предоплата;41
Комплектующие ЯМЗ;238БМ-1111620 Трубка отвода масла от ТНВД ЯМЗ;238БМ-1111620;Трубка отвода масла от ТНВД ЯМЗ;0,00р.;;;;;;;предоплата;29
Комплектующие ЯМЗ;238-1111614 Трубка подвода масла к ТНВД                                                                     ;238-1111614;Трубка подвода масла к ТНВД                                                                     ;63,18р.;;;;;;;предоплата;в наличии
Комплектующие ЯМЗ;238-1111620 Трубка отвода масла от ТНВД;238-1111620;Трубка отвода масла от ТНВД;78,00р.;;;;;;;предоплата;31
Комплектующие ЯМЗ;238П-1111614 Трубка подвода масла к ТНВД ЯМЗ;238П-1111614;Трубка подвода масла к ТНВД ЯМЗ;0,00р.;;;;;;;предоплата;38
Комплектующие ЯМЗ;238Н-1017146 Трубка  ЯМЗ;238Н-1017146;Трубка  ЯМЗ;0,00р.;;;;;;;предоплата;13
Комплектующие ЯМЗ;240-1104300-Б Трубка топливная высокого давления форсунки (общ.головки);240-1104300-Б;Трубка топливная высокого давления форсунки (общ.головки);120,36р.;;;;;;;предоплата;13
Комплектующие ЯМЗ;240-1104306 Трубка топливная высокого давления (разд.головки базовый гиб);240-1104306;Трубка топливная высокого давления (разд.головки базовый гиб);247,80р.;;;;;;;предоплата;заказ
Комплектующие ЯМЗ;240-1104308-В Трубка топливная высокого давления (разд. головки)                        ;240-1104308-В;Трубка топливная высокого давления (разд. головки)                        ;210,00р.;;;;;;;предоплата;41
Комплектующие ЯМЗ;240-1104308-Г Трубка топливная высокого давления (общ. головки)                             ;240-1104308-Г;Трубка топливная высокого давления (общ. головки)                             ;118,94р.;;;;;;;предоплата;26
Комплектующие ЯМЗ;240-1104346-А Трубка топливная отводящая (общ.головки) ЯМЗ;240-1104346-А;Трубка топливная отводящая (общ.головки) ЯМЗ;150,04р.;;;;;;;предоплата;40
Комплектующие ЯМЗ;240-1104346-Б2 Трубка топливная отводящая (разд.головки) ЯМЗ;240-1104346-Б2;Трубка топливная отводящая (разд.головки) ЯМЗ;509,76р.;;;;;;;предоплата;38
Комплектующие ЯМЗ;240-1104370 Трубка дренажная (общ.головки);240-1104370;Трубка дренажная (общ.головки);155,76р.;;;;;;;предоплата;16
Комплектующие ЯМЗ;240-1104370-Б Трубка дренажная (разд.головки);240-1104370-Б;Трубка дренажная (разд.головки);70,80р.;;;;;;;предоплата;430
Комплектующие ЯМЗ;240-1104370-Б Трубка дренажная (разд.головки) ЯМЗ;240-1104370-Б;Трубка дренажная (разд.головки) ЯМЗ;70,80р.;;;;;;;предоплата;430
Комплектующие ЯМЗ;240-1104376 Трубка топливная отводящая от головок цилиндров;240-1104376;Трубка топливная отводящая от головок цилиндров;80,71р.;;;;;;;предоплата;в наличии
Комплектующие ЯМЗ;240Н-1104384 Трубка топливная отводящая от ФТОТ  ЯМЗ;240Н-1104384;Трубка топливная отводящая от ФТОТ  ЯМЗ;0,00р.;;;;;;;предоплата;19
Комплектующие ЯМЗ;240-1104390-А2 Трубка топливная отводящая от головок цилиндров (общ.головки);240-1104390-А2;Трубка топливная отводящая от головок цилиндров (общ.головки);39,60р.;;;;;;;предоплата;50
Комплектующие ЯМЗ;240-1104390-Б Трубка топливная отводящая от головок цилиндров (разд.головки);240-1104390-Б;Трубка топливная отводящая от головок цилиндров (разд.головки);82,13р.;;;;;;;предоплата;62
Комплектующие ЯМЗ;240-1104410-А Трубка топливная отводящая от ФГОТ  ЯМЗ;240-1104410-А;Трубка топливная отводящая от ФГОТ  ЯМЗ;0,00р.;;;;;;;предоплата;39
Комплектующие ЯМЗ;240-1104422-А Трубка топливная отводящая  ЯМЗ;240-1104422-А;Трубка топливная отводящая  ЯМЗ;0,00р.;;;;;;;предоплата;25
Комплектующие ЯМЗ;240-1104426 Трубка топливная подводящая (общ.головки)  ЯМЗ;240-1104426;Трубка топливная подводящая (общ.головки)  ЯМЗ;0,00р.;;;;;;;предоплата;19
Комплектующие ЯМЗ;240Н-1104426 Трубка топливная подводящая (разд.головки)  ЯМЗ;240Н-1104426;Трубка топливная подводящая (разд.головки)  ЯМЗ;228,00р.;;;;;;;предоплата;34
Комплектующие ЯМЗ;240-1104436 Трубка топливная отводящая от ФГОТ  ЯМЗ;240-1104436;Трубка топливная отводящая от ФГОТ  ЯМЗ;0,00р.;;;;;;;предоплата;23
Комплектующие ЯМЗ;240-1104450 Трубка топливная отводящая  ЯМЗ;240-1104450;Трубка топливная отводящая  ЯМЗ;0,00р.;;;;;;;предоплата;19
Комплектующие ЯМЗ;240-1111614 Трубка подвода масла к ТНВД                                                                 ;240-1111614;Трубка подвода масла к ТНВД                                                                 ;73,20р.;;;;;;;предоплата;41
Комплектующие ЯМЗ;240-1111620 Трубка отвода масла от ТНВД;240-1111620;Трубка отвода масла от ТНВД;68,40р.;;;;;;;предоплата; в наличии мало
Комплектующие ЯМЗ;7511-1104308-20 Трубка топливная высокого давления (разд.головки)                          ;7511-1104308-20;Трубка топливная высокого давления (разд.головки)                          ;191,16р.;;;;;;;предоплата;10
Комплектующие ЯМЗ;7511-1104373 Трубка отводящая от головок (238БМ-1104373);7511-1104373;Трубка отводящая от головок (238БМ-1104373);138,00р.;;;;;;;предоплата;48
Комплектующие ЯМЗ;047-1117010 Т6103Элемент фильтра тонкой очистки топлива (неразборный);047-1117010;Т6103Элемент фильтра тонкой очистки топлива (неразборный);694,20р.;;;;;;;предоплата;в наличии
Комплектующие ЯМЗ;201-1105538(40) Элемент фильтра грубой очистки топлива (полиэфирная нить)   ;201-1105538(40);Элемент фильтра грубой очистки топлива (полиэфирная нить)   ;87,88р.;;;;;;;предоплата;в наличии
Комплектующие ЯМЗ;201-1117036 110 х 82 х 32 х 14Элемент фильтра грубой очистки топлива (опилки)                        ;201-1117036;110 х 82 х 32 х 14Элемент фильтра грубой очистки топлива (опилки)                        ;69,03р.;;;;;;;предоплата;в наличии
Комплектующие ЯМЗ;201-1117040-А 107 х 80 х 30Элемент фильтра тонкой очистки топлива (картон)                ;201-1117040-А;107 х 80 х 30Элемент фильтра тонкой очистки топлива (картон)                ;59,87р.;;;;;;;предоплата;в наличии
Комплектующие ЯМЗ;201-1117040-А 107 х 80 х 30Элемент фильтра тонкой очистки топлива (метал. сетка)             ;201-1117040-А;107 х 80 х 30Элемент фильтра тонкой очистки топлива (метал. сетка)             ;59,87р.;;;;;;;предоплата;в наличии
Комплектующие ЯМЗ;236-1012023-А Элемент фильтра очистки масла (латун.сетка);236-1012023-А;Элемент фильтра очистки масла (латун.сетка);306,00р.;;;;;;;предоплата;21
Комплектующие ЯМЗ;236Н-1109080 470 х 280 х 170Элемент фильтра воздушного с дном (метал. сетка)                            ;236Н-1109080;470 х 280 х 170Элемент фильтра воздушного с дном (метал. сетка)                            ;872,30р.;;;;;;;предоплата;в наличии
Комплектующие ЯМЗ;238Н-1109080 392 х 280 х 171Элемент фильтра воздушного с дном (метал. сетка)                    ;238Н-1109080;392 х 280 х 171Элемент фильтра воздушного с дном (метал. сетка)                    ;606,71р.;;;;;;;предоплата;в наличии
Комплектующие ЯМЗ;238Н-1109080 392 х 280 х 171Элемент фильтра воздушного без дна (метал. сетка)                    ;238Н-1109080;392 х 280 х 171Элемент фильтра воздушного без дна (метал. сетка)                    ;606,71р.;;;;;;;предоплата;в наличии
Комплектующие ЯМЗ;240-1017040-А2 200 х 102 х 39Элемент фильтра очистки масла (картон)                                     ;240-1017040-А2;200 х 102 х 39Элемент фильтра очистки масла (картон)                                     ;92,30р.;;;;;;;предоплата;в наличии
Комплектующие ЯМЗ;240-1017040-А2 200 х 102 х 39Элемент фильтра очистки масла (метал. сетка)                                ;240-1017040-А2;200 х 102 х 39Элемент фильтра очистки масла (метал. сетка)                                ;92,30р.;;;;;;;предоплата;в наличии
Комплектующие ЯМЗ;240-1017040-А3 200 х 102 х 39Элемент фильтра очистки масла с прокладкой (картон)                 ;240-1017040-А3;200 х 102 х 39Элемент фильтра очистки масла с прокладкой (картон)                 ;129,74р.;;;;;;;предоплата;в наличии
Комплектующие ЯМЗ;240-1017040-А3 200 х 102 х 39Элемент фильтра очистки масла с прокладкой (метал. сетка)      ;240-1017040-А3;200 х 102 х 39Элемент фильтра очистки масла с прокладкой (метал. сетка)      ;129,74р.;;;;;;;предоплата;в наличии
Комплектующие ЯМЗ;6510-1109080 596 х 280 х 171Элемент фильтра воздушного (метал. сетка)               ;6510-1109080;596 х 280 х 171Элемент фильтра воздушного (метал. сетка)               ;1 043,90р.;;;;;;;предоплата;в наличии
Комплектующие ЯМЗ;840-1012039-15 Элемент фильтра очистки масла (ткань);840-1012039-15;Элемент фильтра очистки масла (ткань);0,00р.;;;;;;;предоплата;в наличии
Комплектующие ЯМЗ;840-1012040-12 228 х 116 х 59Элемент фильтра очистки масла (картон)                                  ;840-1012040-12;228 х 116 х 59Элемент фильтра очистки масла (картон)                                  ;164,06р.;;;;;;;предоплата;в наличии
Комплектующие ЯМЗ;840-1012040-12 228 х 116 х 59Элемент фильтра очистки масла (метал. сетка)                              ;840-1012040-12;228 х 116 х 59Элемент фильтра очистки масла (метал. сетка)                              ;164,06р.;;;;;;;предоплата;в наличии
Комплектующие ЯМЗ;840-1117040-01 140 х 100 х 17Элемент фильтра тонкой очистки топлива (картон)                       ;840-1117040-01;140 х 100 х 17Элемент фильтра тонкой очистки топлива (картон)                       ;88,47р.;;;;;;;предоплата;в наличии
Комплектующие ЯМЗ;840-1117040-01 140 х 100 х 17Элемент фильтра тонкой очистки топлива (метал. сетка)              ;840-1117040-01;140 х 100 х 17Элемент фильтра тонкой очистки топлива (метал. сетка)              ;88,47р.;;;;;;;предоплата;в наличии
Комплектующие ЯМЗ;8421-1109080 301 х 280 х 171Элемент фильтра воздушного с дном (метал.сетка);8421-1109080;301 х 280 х 171Элемент фильтра воздушного с дном (метал.сетка);518,70р.;;;;;;;предоплата;в наличии
Комплектующие ЯМЗ;8421-1109080 301 х 280 х 171Элемент фильтра воздушного без дна (метал. сетка)                                   ;8421-1109080;301 х 280 х 171Элемент фильтра воздушного без дна (метал. сетка)                                   ;518,70р.;;;;;;;предоплата;в наличии
Комплектующие ЯМЗ;236-1306084 Рукав соединительный (238П-1118385);236-1306084;Рукав соединительный (238П-1118385);16,90р.;;;;;;;предоплата;в наличии
Комплектующие ЯМЗ;238Б-1013740 Рукав соединительный;238Б-1013740;Рукав соединительный;64,51р.;;;;;;;предоплата;в наличии
Комплектующие ЯМЗ;238НБ-1014275 Рукав соединительный;238НБ-1014275;Рукав соединительный;23,01р.;;;;;;;предоплата;в наличии
Комплектующие ЯМЗ;238Ф-1115048 Рукав соединительный;238Ф-1115048;Рукав соединительный;114,40р.;;;;;;;предоплата;в наличии
Комплектующие ЯМЗ;238Ф-1170048 Рукав соединительный (8401-1170048);238Ф-1170048;Рукав соединительный (8401-1170048);92,04р.;;;;;;;предоплата;в наличии
Комплектующие ЯМЗ;8401-1170048 Рукав соединительный (238Ф-1170048);8401-1170048;Рукав соединительный (238Ф-1170048);92,04р.;;;;;;;предоплата;в наличии
Комплектующие ЯМЗ;238НБ-1115048-Б2 Рукав соединительный;238НБ-1115048-Б2;Рукав соединительный;80,60р.;;;;;;;предоплата;в наличии
Комплектующие ЯМЗ;240-1014138 Рукав соединительный;240-1014138;Рукав соединительный;34,06р.;;;;;;;предоплата;в наличии
Комплектующие ЯМЗ;240-1014275 Рукав соединительный (240Б-1318154);240-1014275;Рукав соединительный (240Б-1318154);32,69р.;;;;;;;предоплата; в наличии мало
Комплектующие ЯМЗ;240-1021084 Рукав соединительный;240-1021084;Рукав соединительный;18,59р.;;;;;;;предоплата;в наличии
Комплектующие ЯМЗ;240-1115048 Рукав соединительный;240-1115048;Рукав соединительный;110,88р.;;;;;;;предоплата;46
Комплектующие ЯМЗ;240-1303014-А Рукав соединительный  (силикон);240-1303014-А;Рукав соединительный  (силикон);357,50р.;;;;;;;предоплата;в наличии
Комплектующие ЯМЗ;240Н-1115048 Рукав соединительный;240Н-1115048;Рукав соединительный;137,82р.;;;;;;;предоплата;15
Комплектующие ЯМЗ;536-1118562 Патрубок;536-1118562;Патрубок;0,00р.;;;;;;;предоплата;заказ
Комплектующие ЯМЗ;6565-1118358 Патрубок;6565-1118358;Патрубок;190,71р.;;;;;;;предоплата;в наличии
Комплектующие ЯМЗ;658-1115048 Рукав соединительный  (силикон);658-1115048;Рукав соединительный  (силикон);297,05р.;;;;;;;предоплата;в наличии
Комплектующие ЯМЗ;7601-1013740 Рукав соединительный  (силикон);7601-1013740;Рукав соединительный  (силикон);243,10р.;;;;;;;предоплата;в наличии
Комплектующие ЯМЗ;7601-1306084 Рукав соединительный;7601-1306084;Рукав соединительный;0,00р.;;;;;;;предоплата;заказ
Комплектующие ЯМЗ;8401-1118385 Рукав соединительный;8401-1118385;Рукав соединительный;42,25р.;;;;;;;предоплата;в наличии
Комплектующие ЯМЗ;8423-1014138 Рукав соединительный  (силикон);8423-1014138;Рукав соединительный  (силикон);53,30р.;;;;;;;предоплата;в наличии
Комплектующие ЯМЗ;850-1009166 Рукав соединительный;850-1009166;Рукав соединительный;52,42р.;;;;;;;предоплата; в наличии мало
Комплектующие ЯМЗ;236-1002272 Маслоотражатель;236-1002272;Маслоотражатель;0,00р.;;;;;;;предоплата;17
Комплектующие ЯМЗ;236-1002315 Маслоотражатель;236-1002315;Маслоотражатель;0,00р.;;;;;;;предоплата;13
Комплектующие ЯМЗ;236-1003112-В Стакан форсунки;236-1003112-В;Стакан форсунки;162,84р.;;;;;;;предоплата;83
Комплектующие ЯМЗ;236-1004022-Б Кольцо стопорное поршневого пальца (сталь);236-1004022-Б;Кольцо стопорное поршневого пальца (сталь);25,00р.;;;;;;;предоплата;236
Комплектующие ЯМЗ;236-1004052-Б2 Втулка шатуна;236-1004052-Б2;Втулка шатуна;150,00р.;;;;;;;предоплата;194
Комплектующие ЯМЗ;236-1005042 Маслоотражатель задний;236-1005042;Маслоотражатель задний;0,00р.;;;;;;;предоплата;51
Комплектующие ЯМЗ;236-1005043 Маслоотражатель передний;236-1005043;Маслоотражатель передний;0,00р.;;;;;;;предоплата;45
Комплектующие ЯМЗ;236-1005128-А Пластина замковая правая                                                                        ;236-1005128-А;Пластина замковая правая                                                                        ;7,56р.;;;;;;;предоплата;244
Комплектующие ЯМЗ;236-1005129-Б Пластина замковая левая                                                                  ;236-1005129-Б;Пластина замковая левая                                                                  ;7,56р.;;;;;;;предоплата;55
Комплектующие ЯМЗ;236-1005183-Д Полукольцо коленвала;236-1005183-Д;Полукольцо коленвала;101,40р.;;;;;;;предоплата;в наличии
Комплектующие ЯМЗ;236-1006026-А Втулка распредвала;236-1006026-А;Втулка распредвала;300,00р.;;;;;;;предоплата;465
Комплектующие ЯМЗ;236-1006037-А Втулка распредвала;236-1006037-А;Втулка распредвала;220,00р.;;;;;;;предоплата;132
Комплектующие ЯМЗ;236-1006037-А Втулка распредвала (завод);236-1006037-А;Втулка распредвала (завод);220,00р.;;;;;;;предоплата;132
Комплектующие ЯМЗ;236-1007028-А Сухарь клапана;236-1007028-А;Сухарь клапана;9,00р.;;;;;;;предоплата;280
Комплектующие ЯМЗ;236БЕ-1008088 Сильфон газопровода                                                                            ;236БЕ-1008088;Сильфон газопровода                                                                            ;1 290,90р.;;;;;;;предоплата;в наличии
Комплектующие ЯМЗ;236-1029274 Пластина муфты привода ТНВД;236-1029274;Пластина муфты привода ТНВД;27,60р.;;;;;;;предоплата;342
Комплектующие ЯМЗ;236-1029300 Муфта привода ТНВД (пластинчатая);236-1029300;Муфта привода ТНВД (пластинчатая);0,00р.;;;;;;;предоплата;в наличии
Комплектующие ЯМЗ;236-1112208 Фильтр форсунки;236-1112208;Фильтр форсунки;70,00р.;;;;;;;предоплата;в наличии
Комплектующие ЯМЗ;236-1307032-В Крыльчатка водяного насоса (чугун);236-1307032-В;Крыльчатка водяного насоса (чугун);403,00р.;;;;;;;предоплата;в наличии
Комплектующие ЯМЗ;236-1307216-Г Шкив водяного насоса (236Б1);236-1307216-Г;Шкив водяного насоса (236Б1);529,10р.;;;;;;;предоплата;в наличии
Комплектующие ЯМЗ;236-1308012 (238) Крыльчатка вентилятора (пластик универсальная д 50мм )              ;236-1308012 (238);Крыльчатка вентилятора (пластик универсальная д 50мм )              ;1 072,50р.;;;;;;;предоплата;в наличии
Комплектующие ЯМЗ;236-1308090-В2 Муфта привода вентилятора (Россия);236-1308090-В2;Муфта привода вентилятора (Россия);520,00р.;;;;;;;предоплата;в наличии
Комплектующие ЯМЗ;182-1601120 Кольцо упорное;182-1601120;Кольцо упорное;624,00р.;;;;;;;предоплата;6
Комплектующие ЯМЗ;236-1601120 Кольцо упорное                                                                                    ;236-1601120;Кольцо упорное                                                                                    ;220,00р.;;;;;;;предоплата;в наличии
Комплектующие ЯМЗ;236-1701063 Кольцо упорное;236-1701063;Кольцо упорное;18,72р.;;;;;;;предоплата;в наличии
Комплектующие ЯМЗ;236-1701067-А Кольцо Б-40 ЯМЗ;236-1701067-А;Кольцо Б-40 ЯМЗ;7,80р.;;;;;;;предоплата;50
Комплектующие ЯМЗ;236-1701135 Втулка;236-1701135;Втулка;314,60р.;;;;;;;предоплата;в наличии
Комплектующие ЯМЗ;236-1701138 Втулка;236-1701138;Втулка;314,60р.;;;;;;;предоплата;в наличии
Комплектующие ЯМЗ;236-3509300-А3 Натяжное устройство ремня привода компрессора                           ;236-3509300-А3;Натяжное устройство ремня привода компрессора                           ;1 115,40р.;;;;;;;предоплата;в наличии
Комплектующие ЯМЗ;238НБ-1008088 Сильфон газопровода                                                                               ;238НБ-1008088;Сильфон газопровода                                                                               ;1 389,70р.;;;;;;;предоплата;в наличии
Комплектующие ЯМЗ;238-1601105 Пружина тарельчатая;238-1601105;Пружина тарельчатая;7,80р.;;;;;;;предоплата;в наличии
Комплектующие ЯМЗ;240-1005042-Б Маслоотражатель задний;240-1005042-Б;Маслоотражатель задний;0,00р.;;;;;;;предоплата;52
Комплектующие ЯМЗ;240-1005089-А Кольцо упорное заглушки шатунной шейки ;240-1005089-А;Кольцо упорное заглушки шатунной шейки ;77,35р.;;;;;;;предоплата;в наличии
Комплектующие ЯМЗ;240-1005373-А Кольцо пружинное упорное подшипника коленвала;240-1005373-А;Кольцо пружинное упорное подшипника коленвала;0,00р.;;;;;;;предоплата;63
Комплектующие ЯМЗ;240-1005589-Б Кольцо упорное коленчатого вала (сталь);240-1005589-Б;Кольцо упорное коленчатого вала (сталь);0,00р.;;;;;;;предоплата;92
Комплектующие ЯМЗ;240-1005592 Кольцо упорное промежуточное (бронза);240-1005592;Кольцо упорное промежуточное (бронза);500,00р.;;;;;;;предоплата;10
Комплектующие ЯМЗ;240-1005600 Кольцо упорного подшипника (бронза);240-1005600;Кольцо упорного подшипника (бронза);500,00р.;;;;;;;предоплата;36
Комплектующие ЯМЗ;240-1029300-А2 Муфта;240-1029300-А2;Муфта;900,00р.;;;;;;;предоплата;13
Комплектующие ЯМЗ;700-0010070 Сильфон газопровода                                                                                ;700-0010070;Сильфон газопровода                                                                                ;0,00р.;;;;;;;предоплата;в наличии
Комплектующие ЯМЗ;701-1000060 Сильфон газопровода                                                                                ;701-1000060;Сильфон газопровода                                                                                ;0,00р.;;;;;;;предоплата;в наличии
Комплектующие ЯМЗ;7511-1004022 Кольцо пружинное упорное поршневого пальца;7511-1004022;Кольцо пружинное упорное поршневого пальца;46,73р.;;;;;;;предоплата;218
Комплектующие ЯМЗ;7511-1005183 Полукольцо упорного подшипника ;7511-1005183;Полукольцо упорного подшипника ;509,76р.;;;;;;;предоплата;45
Комплектующие ЯМЗ;7511-1005183 Полукольцо упорного подшипника (ямз);7511-1005183;Полукольцо упорного подшипника (ямз);509,76р.;;;;;;;предоплата;45
Комплектующие ЯМЗ;7511-1307155 Натяжное устройство ремня привода водяного насоса;7511-1307155;Натяжное устройство ремня привода водяного насоса;1 072,50р.;;;;;;;предоплата;в наличии
Комплектующие ЯМЗ;7511-1307216 Шкив водяного насоса ;7511-1307216;Шкив водяного насоса ;500,50р.;;;;;;;предоплата;в наличии
Комплектующие ЯМЗ;840-1003466 Кольцо газового стыка;840-1003466;Кольцо газового стыка;286,00р.;;;;;;;предоплата;в наличии
Комплектующие ЯМЗ;840-1029272-10 Пластина задняя ЯМЗ;840-1029272-10;Пластина задняя ЯМЗ;140,00р.;;;;;;;предоплата;в наличии
Комплектующие ЯМЗ;840-1029274-10 Пластина ЯМЗ;840-1029274-10;Пластина ЯМЗ;42,00р.;;;;;;;предоплата;536
Комплектующие ЯМЗ;840-1307039 Втулка графитовая (8401.1307039);840-1307039;Втулка графитовая (8401.1307039);52,00р.;;;;;;;предоплата;в наличии
Комплектующие ЯМЗ;850-1307023 Валик водяного насоса;850-1307023;Валик водяного насоса;180,00р.;;;;;;;предоплата;в наличии
Комплектующие ЯМЗ;236-1117001 Р/к ФТОТ;236-1117001;Р/к ФТОТ;0,00р.;;;;;;;предоплата;1-3дня
Комплектующие ЯМЗ;240-1117001 Р/к ФТОТ (ЯМЗ-240М2, 240НМ2, 240ПМ2, 240БМ2);240-1117001;Р/к ФТОТ (ЯМЗ-240М2, 240НМ2, 240ПМ2, 240БМ2);70,20р.;;;;;;;предоплата;в наличии
Комплектующие ЯМЗ;658-1117001 Р/к ФТОТ (ЯМЗ-6581.10, 6583.10);658-1117001;Р/к ФТОТ (ЯМЗ-6581.10, 6583.10);42,90р.;;;;;;;предоплата;в наличии
Комплектующие ЯМЗ;840-1117001 Р/к ФТОТ (ЯМЗ-8401.10, 8501.10);840-1117001;Р/к ФТОТ (ЯМЗ-8401.10, 8501.10);0,00р.;;;;;;;предоплата;1-3дня
Комплектующие ЯМЗ;204-1105510 Р/к ФГОТ;204-1105510;Р/к ФГОТ;19,37р.;;;;;;;предоплата;в наличии
Комплектующие ЯМЗ;240-1105510 Р/к ФГОТ (ЯМЗ-240М2, 240НМ2, 240ПМ2, 240БМ2);240-1105510;Р/к ФГОТ (ЯМЗ-240М2, 240НМ2, 240ПМ2, 240БМ2);38,35р.;;;;;;;предоплата;в наличии
Комплектующие ЯМЗ;840-1115510 Р/к ФГОТ (ЯМЗ-8401.10, 8501.10);840-1115510;Р/к ФГОТ (ЯМЗ-8401.10, 8501.10);56,49р.;;;;;;;предоплата;в наличии
Комплектующие ЯМЗ;236-1012010 Р/к ФГОМ;236-1012010;Р/к ФГОМ;25,74р.;;;;;;;предоплата;в наличии
Комплектующие ЯМЗ;238Б-1012010 Р/к ФГОМ (ЯМЗ-238БЕ, 238ДЕ, 238БЕ2, 238ДЕ2);238Б-1012010;Р/к ФГОМ (ЯМЗ-238БЕ, 238ДЕ, 238БЕ2, 238ДЕ2);36,60р.;;;;;;;предоплата;в наличии
Комплектующие ЯМЗ;238-1017001 Р/к ФТОМ;238-1017001;Р/к ФТОМ;0,00р.;;;;;;;предоплата;1-3дня
Комплектующие ЯМЗ;238НБ-1017001 Р/к ФТОМ (с чашкой);238НБ-1017001;Р/к ФТОМ (с чашкой);180,70р.;;;;;;;предоплата;в наличии
Комплектующие ЯМЗ;240-1017001 Р/к ФТОМ (ЯМЗ-240М2, 240НМ2, 240ПМ2, 240БМ2);240-1017001;Р/к ФТОМ (ЯМЗ-240М2, 240НМ2, 240ПМ2, 240БМ2);0,00р.;;;;;;;предоплата;1-3дня
Комплектующие ЯМЗ;840-1017001 Р/к ФТОМ ( ЯМЗ-8401.10);840-1017001;Р/к ФТОМ ( ЯМЗ-8401.10);76,05р.;;;;;;;предоплата;в наличии
Комплектующие ЯМЗ;236-1028010 Р/к ФЦОМ;236-1028010;Р/к ФЦОМ;30,75р.;;;;;;;предоплата;в наличии
Комплектующие ЯМЗ;240-1028010 Р/к ФЦОМ (ЯМЗ-240М2, 240НМ2, 240ПМ2, 240БМ2);240-1028010;Р/к ФЦОМ (ЯМЗ-240М2, 240НМ2, 240ПМ2, 240БМ2);56,49р.;;;;;;;предоплата;в наличии
Комплектующие ЯМЗ;236-1307029 Р/к водяного насоса (малый);236-1307029;Р/к водяного насоса (малый);37,44р.;;;;;;;предоплата;в наличии
Комплектующие ЯМЗ;236-1307002 Р/к водяного насоса (полный);236-1307002;Р/к водяного насоса (полный);0,00р.;;;;;;;предоплата;1-3дня
Комплектующие ЯМЗ;236-1307002-Б1 Р/к водяного насоса (полный);236-1307002-Б1;Р/к водяного насоса (полный);1 807,00р.;;;;;;;предоплата;в наличии
Комплектующие ЯМЗ;240-1307029 Р/к водяного насоса (малый);240-1307029;Р/к водяного насоса (малый);49,14р.;;;;;;;предоплата;в наличии
Комплектующие ЯМЗ;240-1307002 Р/к водяного насоса (полный);240-1307002;Р/к водяного насоса (полный);0,00р.;;;;;;;предоплата;1-3дня
Комплектующие ЯМЗ;7511-1307002 Р/к водяного насоса (полный);7511-1307002;Р/к водяного насоса (полный);0,00р.;;;;;;;предоплата;1-3дня
Комплектующие ЯМЗ;840-1307031 Уплотнение торцевое в сборе                                                                    ;840-1307031;Уплотнение торцевое в сборе                                                                    ;163,80р.;;;;;;;предоплата;в наличии
Комплектующие ЯМЗ;850-1307031 Уплотнение торцевое в сборе (7511-1307031);850-1307031;Уплотнение торцевое в сборе (7511-1307031);219,44р.;;;;;;;предоплата;в наличии
Комплектующие ЯМЗ;60-1111000-01 Р/к ТНВД двигателей ЯМЗ-236 ;60-1111000-01;Р/к ТНВД двигателей ЯМЗ-236 ;269,10р.;;;;;;;предоплата;в наличии
Комплектующие ЯМЗ;607-1111000-01 Р/к ТНВД двигателей ЯМЗ-236 с корректором ;607-1111000-01;Р/к ТНВД двигателей ЯМЗ-236 с корректором ;269,69р.;;;;;;;предоплата;в наличии
Комплектующие ЯМЗ;80-1111000-01 Р/к ТНВД двигателей ЯМЗ-238 ;80-1111000-01;Р/к ТНВД двигателей ЯМЗ-238 ;279,50р.;;;;;;;предоплата;в наличии
Комплектующие ЯМЗ;807-1111000-01 Р/к ТНВД двигателей ЯМЗ-238 с корректором  ;807-1111000-01;Р/к ТНВД двигателей ЯМЗ-238 с корректором  ;304,20р.;;;;;;;предоплата;в наличии
Комплектующие ЯМЗ;133-1111000-01 Р/к ТНВД двигателей ЯМЗ-236НЕ, БЕ ;133-1111000-01;Р/к ТНВД двигателей ЯМЗ-236НЕ, БЕ ;414,44р.;;;;;;;предоплата;в наличии
Комплектующие ЯМЗ;175-1111000-01 Р/к ТНВД двигателей ЯМЗ-238БЕ, ДЕ, 7511;175-1111000-01;Р/к ТНВД двигателей ЯМЗ-238БЕ, ДЕ, 7511;765,70р.;;;;;;;предоплата;в наличии
Комплектующие ЯМЗ;185-1111000-01 Р/к ТНВД двигателей ЯМЗ-850.10 (термоупаковка);185-1111000-01;Р/к ТНВД двигателей ЯМЗ-850.10 (термоупаковка);0,00р.;;;;;;;предоплата;1-3дня
Комплектующие ЯМЗ;323-1111000-01 Р/к ТНВД двигателей ЯМЗ-236НЕ2, 7601 V-обр. ;323-1111000-01;Р/к ТНВД двигателей ЯМЗ-236НЕ2, 7601 V-обр. ;221,00р.;;;;;;;предоплата;в наличии
Комплектующие ЯМЗ;363-1111000-01 Р/к ТНВД двигателей Д-260 (336), Д-245 (773), Д-246 (776) ;363-1111000-01;Р/к ТНВД двигателей Д-260 (336), Д-245 (773), Д-246 (776) ;288,60р.;;;;;;;предоплата;в наличии
Комплектующие ЯМЗ;901-1111000-01 Р/к ТНВД двигателей ЯМЗ-240 ;901-1111000-01;Р/к ТНВД двигателей ЯМЗ-240 ;328,90р.;;;;;;;предоплата;в наличии
Комплектующие ЯМЗ;60-1111000-02 Р/к ТНВД двигателей ЯМЗ-236 (рти);60-1111000-02;Р/к ТНВД двигателей ЯМЗ-236 (рти);64,42р.;;;;;;;предоплата;в наличии
Комплектующие ЯМЗ;80-1111000-02 Р/к ТНВД двигателей ЯМЗ-238 (рти);80-1111000-02;Р/к ТНВД двигателей ЯМЗ-238 (рти);90,61р.;;;;;;;предоплата;в наличии
Комплектующие ЯМЗ;90-1111000-02 Р/к ТНВД двигателей ЯМЗ-240 (рти);90-1111000-02;Р/к ТНВД двигателей ЯМЗ-240 (рти);91,52р.;;;;;;;предоплата;в наличии
Комплектующие ЯМЗ;175-1111000-02 Р/к ТНВД двигателей ЯМЗ-7511.10 (рти);175-1111000-02;Р/к ТНВД двигателей ЯМЗ-7511.10 (рти);453,70р.;;;;;;;предоплата;в наличии
Комплектующие ЯМЗ;442-1111000-02 Р/к ТНВД двигателей ЯМЗ-8401.10 (рти) ;442-1111000-02;Р/к ТНВД двигателей ЯМЗ-8401.10 (рти) ;638,04р.;;;;;;;предоплата;в наличии
Комплектующие ЯМЗ;236М2-1000001 Комплект РТИ двигателя (19позиций);236М2-1000001;Комплект РТИ двигателя (19позиций);1 297,40р.;;;;;;;предоплата;в наличии
Комплектующие ЯМЗ;236НЕ-1000001 Комплект РТИ двигателя (упл ГБЦ фторсиликон) (общ.головки) (30позиций);236НЕ-1000001;Комплект РТИ двигателя (упл ГБЦ фторсиликон) (общ.головки) (30позиций);3 562,00р.;;;;;;;предоплата;в наличии
Комплектующие ЯМЗ;236НЕ2-1000001 Комплект РТИ двигателя ( ПГБ 7511-1003213 фторкаучук) (разд.головки) (29позиций);236НЕ2-1000001;Комплект РТИ двигателя ( ПГБ 7511-1003213 фторкаучук) (разд.головки) (29позиций);3 157,70р.;;;;;;;предоплата;в наличии
Комплектующие ЯМЗ;238Н-1000001 Комплект РТИ двигателя (21 позиции);238Н-1000001;Комплект РТИ двигателя (21 позиции);1 482,00р.;;;;;;;предоплата;в наличии
Комплектующие ЯМЗ;238ФМ-1000001 Комплект РТИ двигателя (23 позиции);238ФМ-1000001;Комплект РТИ двигателя (23 позиции);1 502,80р.;;;;;;;предоплата;в наличии
Комплектующие ЯМЗ;240М2-1000001 Комплект РТИ двигателя (общ.головки) (31позиций);240М2-1000001;Комплект РТИ двигателя (общ.головки) (31позиций);2 154,10р.;;;;;;;предоплата;в наличии
Комплектующие ЯМЗ;240НМ-1000001 Комплект РТИ двигателя ( ПГБ 240-1003213 резина разд.головки) (41 позиций);240НМ-1000001;Комплект РТИ двигателя ( ПГБ 240-1003213 резина разд.головки) (41 позиций);2 665,00р.;;;;;;;предоплата;в наличии
Комплектующие ЯМЗ;240НМ-1000001 Комплект РТИ двигателя ( ПГБ 240-1003213 фторкаучук разд.головки) (43 позиций) с рукавами;240НМ-1000001;Комплект РТИ двигателя ( ПГБ 240-1003213 фторкаучук разд.головки) (43 позиций) с рукавами;2 665,00р.;;;;;;;предоплата;в наличии
Комплектующие ЯМЗ;240НМ-1000001 Комплект РТИ двигателя ( ПГБ 240-1003213-А фторсиликон разд.головки) (43 позиций) с рукавами;240НМ-1000001;Комплект РТИ двигателя ( ПГБ 240-1003213-А фторсиликон разд.головки) (43 позиций) с рукавами;2 665,00р.;;;;;;;предоплата;в наличии
Комплектующие ЯМЗ;6561-1000001 Комплект РТИ двигателя (ПГБ 7511-1003213 фторкаучук) (разд.головки) (29 позиций);6561-1000001;Комплект РТИ двигателя (ПГБ 7511-1003213 фторкаучук) (разд.головки) (29 позиций);3 235,70р.;;;;;;;предоплата;в наличии
Комплектующие ЯМЗ;6562-1000001 Комплект РТИ двигателя ( упл.ГБЦ фторкаучук) (общ.головки) (32позиций);6562-1000001;Комплект РТИ двигателя ( упл.ГБЦ фторкаучук) (общ.головки) (32позиций);4 054,70р.;;;;;;;предоплата;в наличии
Комплектующие ЯМЗ;6581-1000001 Комплект РТИ двигателя ( ПГБ 7511-1003213 фторкаучук) (разд.головки) (28 позиций);6581-1000001;Комплект РТИ двигателя ( ПГБ 7511-1003213 фторкаучук) (разд.головки) (28 позиций);3 849,30р.;;;;;;;предоплата;в наличии
Комплектующие ЯМЗ;7511-1000001 Комплект РТИ двигателя (ПГБ 7511-1003213 фторсиликон)(разд.головки) (31 позиций);7511-1000001;Комплект РТИ двигателя (ПГБ 7511-1003213 фторсиликон)(разд.головки) (31 позиций);5 863,00р.;;;;;;;предоплата;в наличии
Комплектующие ЯМЗ;7511-1000006 Комплект РТИ двигателя (упл.ГБЦ фторкаучук) (общ..головки) (35позиций);7511-1000006;Комплект РТИ двигателя (упл.ГБЦ фторкаучук) (общ..головки) (35позиций);4 546,10р.;;;;;;;предоплата;в наличии
Комплектующие ЯМЗ;8401-1000001 Комплект РТИ двигателя (ПГБ 840.1003213-02 фторкаучук)(41 позиций);8401-1000001;Комплект РТИ двигателя (ПГБ 840.1003213-02 фторкаучук)(41 позиций);0,00р.;;;;;;;предоплата;1-3дня
Комплектующие ЯМЗ;8401-1000001 Комплект РТИ двигателя (ПГБ 840.1003213-03 фторсиликон метал )(41 позиций);8401-1000001;Комплект РТИ двигателя (ПГБ 840.1003213-03 фторсиликон метал )(41 позиций);0,00р.;;;;;;;предоплата;1-3дня
Комплектующие ЯМЗ;8421-1000001 Комплект РТИ двигателя ( ПГБ 840.1003514)(41 позиций);8421-1000001;Комплект РТИ двигателя ( ПГБ 840.1003514)(41 позиций);5 733,00р.;;;;;;;предоплата;в наличии
Комплектующие ЯМЗ;8421-1000001 Комплект РТИ двигателя ( ПГБ 840.1003213-02 фторкаучук 41 позиций);8421-1000001;Комплект РТИ двигателя ( ПГБ 840.1003213-02 фторкаучук 41 позиций);5 733,00р.;;;;;;;предоплата;в наличии
Комплектующие ЯМЗ;8421-1000001 Комплект РТИ двигателя ( ПГБ 840.1003213-03 фторсиликон метал 41 позиций);8421-1000001;Комплект РТИ двигателя ( ПГБ 840.1003213-03 фторсиликон метал 41 позиций);5 733,00р.;;;;;;;предоплата;в наличии
Комплектующие ЯМЗ;8423-1000001 Комплект РТИ двигателя (ПГБ 840.1003514)(39 позиций);8423-1000001;Комплект РТИ двигателя (ПГБ 840.1003514)(39 позиций);5 733,00р.;;;;;;;предоплата;в наличии
Комплектующие ЯМЗ;8423-1000001 Комплект РТИ двигателя (39 позиций) (ПГБ 840.1003213-03фторсиликон метал);8423-1000001;Комплект РТИ двигателя (39 позиций) (ПГБ 840.1003213-03фторсиликон метал);5 733,00р.;;;;;;;предоплата;в наличии
Комплектующие ЯМЗ;850-1000001 Комплект РТИ двигателя (ПГБ 840.1003213-02 фторкаучук) (38 позиций);850-1000001;Комплект РТИ двигателя (ПГБ 840.1003213-02 фторкаучук) (38 позиций);0,00р.;;;;;;;предоплата;1-3дня
Комплектующие ЯМЗ;238ВМ-1700000 Комплект РТИ КПП ЯМЗ-238ВМ (14 позиций);238ВМ-1700000;Комплект РТИ КПП ЯМЗ-238ВМ (14 позиций);434,20р.;;;;;;;предоплата;в наличии
Комплектующие ЯМЗ;239-1700000 Комплект РТИ КПП ЯМЗ-239 (чугунный картер) (16 позиций);239-1700000;Комплект РТИ КПП ЯМЗ-239 (чугунный картер) (16 позиций);747,50р.;;;;;;;предоплата;в наличии
Комплектующие ЯМЗ;239-1700000 Комплект РТИ КПП ЯМЗ-239 (алюминиевый картер) (16 позиций);239-1700000;Комплект РТИ КПП ЯМЗ-239 (алюминиевый картер) (16 позиций);747,50р.;;;;;;;предоплата;в наличии
Комплектующие ЯМЗ;236-1000001 Комплект прокладок двигателя ;236-1000001;Комплект прокладок двигателя ;186,88р.;;;;;;;предоплата;в наличии
Комплектующие ЯМЗ;236НЕ-10000001 Комплект прокладок двигателя (общие головки);236НЕ-10000001;Комплект прокладок двигателя (общие головки);312,00р.;;;;;;;предоплата;в наличии
Комплектующие ЯМЗ;236НЕ2-10000001 Комплект прокладок двигателя (раздельные головки) (с прокл.клапан.кр.);236НЕ2-10000001;Комплект прокладок двигателя (раздельные головки) (с прокл.клапан.кр.);0,00р.;;;;;;;предоплата;в наличии
Комплектующие ЯМЗ;238М-1000001 Комплект прокладок двигателя ;238М-1000001;Комплект прокладок двигателя ;193,44р.;;;;;;;предоплата;в наличии
Комплектующие ЯМЗ;238Ф-1000001 Комплект прокладок двигателя ;238Ф-1000001;Комплект прокладок двигателя ;218,40р.;;;;;;;предоплата;в наличии
Комплектующие ЯМЗ;240-1000001 Комплект прокладок двигателя (общие головки);240-1000001;Комплект прокладок двигателя (общие головки);0,00р.;;;;;;;предоплата;1-3дня
Комплектующие ЯМЗ;240НМ-1000001 Комплект прокладок двигателя  (раздельные головки) (с прокл.клапан.кр.);240НМ-1000001;Комплект прокладок двигателя  (раздельные головки) (с прокл.клапан.кр.);2 665,00р.;;;;;;;предоплата;в наличии
Комплектующие ЯМЗ;6561-1000001 Комплект прокладок двигателя  (раздельные головки) (с прокл.клапан.кр.);6561-1000001;Комплект прокладок двигателя  (раздельные головки) (с прокл.клапан.кр.);3 235,70р.;;;;;;;предоплата;в наличии
Комплектующие ЯМЗ;6562-1000001 Комплект прокладок двигателя (общие головки);6562-1000001;Комплект прокладок двигателя (общие головки);4 054,70р.;;;;;;;предоплата;в наличии
Комплектующие ЯМЗ;6581-1000001 Комплект прокладок двигателя  (раздельные головки) (с прокл.клапан.кр.);6581-1000001;Комплект прокладок двигателя  (раздельные головки) (с прокл.клапан.кр.);3 849,30р.;;;;;;;предоплата;в наличии
Комплектующие ЯМЗ;6581-1000001 Комплект прокладок двигателя (общие головки);6581-1000001;Комплект прокладок двигателя (общие головки);3 849,30р.;;;;;;;предоплата;в наличии
Комплектующие ЯМЗ;7511-1000001 Комплект прокладок двигателя  (раздельные головки) (с прокл.клапан.кр.);7511-1000001;Комплект прокладок двигателя  (раздельные головки) (с прокл.клапан.кр.);5 863,00р.;;;;;;;предоплата;в наличии
Комплектующие ЯМЗ;7511-1000006 Комплект прокладок двигателя (общие головки);7511-1000006;Комплект прокладок двигателя (общие головки);4 546,10р.;;;;;;;предоплата;в наличии
Комплектующие ЯМЗ;840-1000001 Комплект прокладок двигателя ;840-1000001;Комплект прокладок двигателя ;0,00р.;;;;;;;предоплата;1-3дня
Комплектующие ЯМЗ;8421-1000001 Комплект прокладок двигателя;8421-1000001;Комплект прокладок двигателя;5 733,00р.;;;;;;;предоплата;в наличии
Комплектующие ЯМЗ;8423-1000001 Комплект прокладок двигателя ;8423-1000001;Комплект прокладок двигателя ;5 733,00р.;;;;;;;предоплата;в наличии
Комплектующие ЯМЗ;850-1000001 Комплект прокладок двигателя ;850-1000001;Комплект прокладок двигателя ;0,00р.;;;;;;;предоплата;1-3дня
Комплектующие ЯМЗ;202-17000001 Комплект прокладок КПП  543206-1700045-070;202-17000001;Комплект прокладок КПП  543206-1700045-070;351,33р.;;;;;;;предоплата;в наличии
Комплектующие ЯМЗ;236-1700000-02 Комплект прокладок КПП ;236-1700000-02;Комплект прокладок КПП ;111,80р.;;;;;;;предоплата;в наличии
Комплектующие ЯМЗ;238-1700000-02 Комплект прокладок КПП ;238-1700000-02;Комплект прокладок КПП ;112,13р.;;;;;;;предоплата;в наличии
Комплектующие ЯМЗ;238А-1700000-02 Комплект прокладок КПП;238А-1700000-02;Комплект прокладок КПП;185,90р.;;;;;;;предоплата;в наличии
Комплектующие ЯМЗ;238ВМ-1700000-02 Комплект прокладок КПП ЯМЗ-238ВМ ;238ВМ-1700000-02;Комплект прокладок КПП ЯМЗ-238ВМ ;279,50р.;;;;;;;предоплата;в наличии
Комплектующие ЯМЗ;239-1700000-02 Комплект прокладок КПП ЯМЗ-239 ;239-1700000-02;Комплект прокладок КПП ЯМЗ-239 ;260,00р.;;;;;;;предоплата;в наличии
Комплектующие ЯМЗ;8401-1008088 Сильфон в сборе;8401-1008088;Сильфон в сборе;снят с пр-ва;;;;;;;предоплата;нет
Комплектующие ЯМЗ;240-1303118 ;240-1303118;;снят с пр-ва;;;;;;;предоплата;нет
Комплектующие ЯМЗ;240-1303085 ;240-1303085;;снят с пр-ва;;;;;;;предоплата;нет
Комплектующие ЯМЗ;240-1303166 ;240-1303166;;снят с пр-ва;;;;;;;предоплата;нет
Комплектующие ЯМЗ;840-1008328-01 Хомут сильфона профильный;840-1008328-01;Хомут сильфона профильный;900,00р.;;;;;;;предоплата;в наличии
Комплектующие ЯМЗ;Т150-1000001 Комплект переоборудования полный ;Т150-1000001;Комплект переоборудования полный ;35 100,00р.;;;;;;;предоплата;заказ
Комплектующие ЯМЗ;Т150-1000002 Комплект переоборудования базовый;Т150-1000002;Комплект переоборудования базовый;15 000,00р.;;;;;;;предоплата;заказ
Комплектующие ЯМЗ;К-700 к-т п/о Комплект переоборудования ;К-700 к-т п/о;Комплект переоборудования ;17 800,00р.;;;;;;;предоплата;в наличии
Комплектующие ЯМЗ;Е-281 к-т п/о Комплект переоборудования ;Е-281 к-т п/о;Комплект переоборудования ;18 500,00р.;;;;;;;предоплата;в наличии
Комплектующие ЯМЗ;КСК-100 к-т п/о Комплект переоборудования ;КСК-100 к-т п/о;Комплект переоборудования ;18 000,00р.;;;;;;;предоплата;в наличии
Комплектующие ЯМЗ;ДТ-75 к-т п/о Комплект переоборудования ;ДТ-75 к-т п/о;Комплект переоборудования ;51 000,00р.;;;;;;;предоплата;в наличии
Комплектующие ЯМЗ;"236-1104308-Г1-6 Комплект трубок топливных высокого давления (Россия, аналог ЯМЗ, 236 - шесть трубок, 590 мм, нового образца, на трубке три фланца, трубки гнутые)
new";236-1104308-Г1-6;"Комплект трубок топливных высокого давления (Россия, аналог ЯМЗ, 236 - шесть трубок, 590 мм, нового образца, на трубке три фланца, трубки гнутые)
new";1 404,00р.;;;;;;;предоплата;в наличии
Комплектующие ЯМЗ;"238-1104308-Г1-8 Комплект трубок топливных высокого давления (Россия, аналог ЯМЗ, 238 - восемь трубок, 590 мм, нового образца, на трубке три фланца, трубки гнутые)
new";238-1104308-Г1-8;"Комплект трубок топливных высокого давления (Россия, аналог ЯМЗ, 238 - восемь трубок, 590 мм, нового образца, на трубке три фланца, трубки гнутые)
new";1 872,00р.;;;;;;;предоплата;в наличии
Комплектующие ЯМЗ;"238-1104308-В-8 Комплект трубок высокого давления
(236, старого образца, трубки гнутые)
new ";238-1104308-В-8;"Комплект трубок высокого давления
(236, старого образца, трубки гнутые)
new ";1 302,00р.;;;;;;;предоплата;в наличии
Комплектующие ЯМЗ;"236-1104308-Г-6 Комплект трубок высокого давления
(236, нового образца с фланцем, трубки гнутые)
new ";236-1104308-Г-6;"Комплект трубок высокого давления
(236, нового образца с фланцем, трубки гнутые)
new ";1 188,00р.;;;;;;;предоплата;в наличии
Комплектующие ЯМЗ;"236НЕ-1308012 Крыльчатка вентилятора
 (ЗиЛ, пластик, внутренний диаметр 42 мм, наружный диаметр 507 мм, жёлтая) new";236НЕ-1308012;"Крыльчатка вентилятора
 (ЗиЛ, пластик, внутренний диаметр 42 мм, наружный диаметр 507 мм, жёлтая) new";1 293,60р.;;;;;;;предоплата;20
Комплектующие ЯМЗ;"236-1308012 Крыльчатка вентилятора
 (пластик, универсальная: 236, 238, 238Н, внутренний диаметр 50 мм, наружный диаметр 540 мм, жёлтая)";236-1308012;"Крыльчатка вентилятора
 (пластик, универсальная: 236, 238, 238Н, внутренний диаметр 50 мм, наружный диаметр 540 мм, жёлтая)";1 033,68р.;;;;;;;предоплата;в наличии
Комплектующие ЯМЗ;"236НЕ-1308012 Крыльчатка вентилятора
 (пластик, внутренний диаметр 65 мм, наружный диаметр 540 мм, жёлтая) ";236НЕ-1308012;"Крыльчатка вентилятора
 (пластик, внутренний диаметр 65 мм, наружный диаметр 540 мм, жёлтая) ";1 293,60р.;;;;;;;предоплата;20
Комплектующие ЯМЗ;"238БЕ-1308012 Крыльчатка вентилятора
 (пластик, внутренний диаметр 65 мм, наружный диаметр 600 мм, чёрная)";238БЕ-1308012;"Крыльчатка вентилятора
 (пластик, внутренний диаметр 65 мм, наружный диаметр 600 мм, чёрная)";1 798,32р.;;;;;;;предоплата;в наличии
Комплектующие ЯМЗ;424-1111005 ТНВД;424-1111005;ТНВД;51 600,00р.;;;;;;;предоплата;заказ
Комплектующие ЯМЗ;311912-П2 Гайка;311912-П2;Гайка;50,00р.;;;;;;;предоплата;заказ
Комплектующие ЯМЗ;238-1601115 Пружина 115;238-1601115;Пружина 115;45,00р.;;;;;;;предоплата;заказ
Комплектующие ЯМЗ;840-1029286 Полумуфта ведомая ;840-1029286;Полумуфта ведомая ;3 300,00р.;;;;;;;предоплата; в наличии мало
Комплектующие ЯМЗ;840-1029288-10 Фланец ведомой полумуфты;840-1029288-10;Фланец ведомой полумуфты;1 800,00р.;;;;;;;предоплата;в наличии
Комплектующие ЯМЗ;444-1111005-30 ТНВД;444-1111005-30;ТНВД;70 000,00р.;;;;;;;предоплата; в наличии мало
Комплектующие ЯМЗ;8421-1111570 Трубка подвода масла к тнвд;8421-1111570;Трубка подвода масла к тнвд;800,00р.;;;;;;;предоплата;в наличии
Комплектующие ЯМЗ;8421-1111538 Трубка отвода масла от тнвд;8421-1111538;Трубка отвода масла от тнвд;600,00р.;;;;;;;предоплата;в наличии
Комплектующие ЯМЗ;236-1005183-Р Полукольцо коленвала 8мм ;236-1005183-Р;Полукольцо коленвала 8мм ;150,00р.;;;;;;;предоплата;в наличии
Комплектующие ЯМЗ;236к-1601090-Т-150 ДИСК НАЖИМНОЙ на Т-150;236к-1601090-Т-150;ДИСК НАЖИМНОЙ на Т-150;5 500,00р.;;;;;;;предоплата;в наличии
Комплектующие ЯМЗ;840-1003037 ВТУЛКА с резинкой;840-1003037;ВТУЛКА с резинкой;300,00р.;;;;;;;предоплата;в наличии
Комплектующие ЯМЗ;850-1005524 Проставка с втулками в сб;850-1005524;Проставка с втулками в сб;3 000,00р.;;;;;;;предоплата;в наличии
Комплектующие ЯМЗ;700-00-10-070-1 Сильфон;700-00-10-070-1;Сильфон;1 152,00р.;;;;;;;предоплата;в наличии
Комплектующие ЯМЗ;650-1012075 Эф ОМ  ЯМЗ (Евро-3) 8.9191,  М5103;650-1012075;Эф ОМ  ЯМЗ (Евро-3) 8.9191,  М5103;880,00р.;;;;;;;предоплата;в наличии
Комплектующие ЯМЗ;8421-1104000 к-т 8трубок (трубки топливные резиновые -обратка, слив,дренажные ,от фильтров);8421-1104000;к-т 8трубок (трубки топливные резиновые -обратка, слив,дренажные ,от фильтров);5 000,00р.;;;;;;;предоплата;в наличии
Комплектующие ЯМЗ;8486-1000000-03 Монтажный к-т дв.8486-03на бульдозер Komatsu D355A;8486-1000000-03;Монтажный к-т дв.8486-03на бульдозер Komatsu D355A;570 000,00р.;;;;;;;предоплата;в наличии
Комплектующие ЯМЗ;12*1118106 кольцо уплотнительное;12*1118106;кольцо уплотнительное;180,00р.;;;;;;;предоплата;в наличии
Комплектующие ЯМЗ;25-3708320 Траверса (старого образца);25-3708320;Траверса (старого образца);1 260,00р.;;;;;;;предоплата; в наличии мало
Комплектующие ЯМЗ;25-3708600  привод (бендекс) стартера 11 зубьев;25-3708600 ;привод (бендекс) стартера 11 зубьев;1 380,00р.;;;;;;;предоплата;20
Комплектующие ЯМЗ;25-3708600-20 привод (бендекс) стартера 10 зубьев;25-3708600-20;привод (бендекс) стартера 10 зубьев;1 380,00р.;;;;;;;предоплата;17
Комплектующие ЯМЗ;2501-3708050 Щетка стартера (широкая);2501-3708050;Щетка стартера (широкая);102,00р.;;;;;;;предоплата;92
Комплектующие ЯМЗ;2501-3708-21 стартер (10 зубов Н/О);2501-3708-21;стартер (10 зубов Н/О);15 720,00р.;;;;;;;предоплата;69
Комплектующие ЯМЗ;2501-3708-40 стартер (11 зубов С/О);2501-3708-40;стартер (11 зубов С/О);15 720,00р.;;;;;;;предоплата;117
Комплектующие ЯМЗ;2501-3708320 Траверса (нового образца);2501-3708320;Траверса (нового образца);1 080,00р.;;;;;;;предоплата; в наличии мало
Комплектующие ЯМЗ;2501-3708800 Реле для ст.25-3708.21,40 (ПРАМО);2501-3708800;Реле для ст.25-3708.21,40 (ПРАМО);1 740,00р.;;;;;;;предоплата;35
Комплектующие ЯМЗ;2501-3708150-01 Катушка;2501-3708150-01;Катушка;5 500,00р.;;;;;;;предоплата; в наличии мало
Комплектующие ЯМЗ;2501-3708200-03 якорь стартера (старого образца 52 см);2501-3708200-03;якорь стартера (старого образца 52 см);7 740,00р.;;;;;;;предоплата;13
Комплектующие ЯМЗ;2501-3708200-21 якорь стартера (нового образца 50 см);2501-3708200-21;якорь стартера (нового образца 50 см);6 720,00р.;;;;;;;предоплата;9
Комплектующие ЯМЗ;2502-3708-50 стартер;2502-3708-50;стартер;28 800,00р.;;;;;;;предоплата;5
Комплектующие ЯМЗ;2551-3708 стартер стартер;2551-3708 стартер;стартер;19 200,00р.;;;;;;;предоплата;12
Комплектующие ЯМЗ;2551-3708-20 стартер;2551-3708-20;стартер;19 200,00р.;;;;;;;предоплата; в наличии мало
Комплектующие ЯМЗ;2562-3708-40 стартер брод 10зуб.;2562-3708-40;стартер брод 10зуб.;37 200,00р.;;;;;;;предоплата;9
Комплектующие ЯМЗ;Г1332-3771-200 Ротор генератора;Г1332-3771-200;Ротор генератора;2 580,00р.;;;;;;;предоплата;5
Комплектующие ЯМЗ;Ст5432-3708000-01 Стартер;Ст5432-3708000-01;Стартер;12 000,00р.;;;;;;;предоплата; в наличии мало
Комплектующие ЯМЗ;СТ-142Б1 Щетка сартера (узкая);СТ-142Б1;Щетка сартера (узкая);90,00р.;;;;;;;предоплата;64
Комплектующие ЯМЗ;"AZF 4581 Стартер ""Iskra Avtoelektra"" Словения";AZF 4581;"Стартер ""Iskra Avtoelektra"" Словения";13 440,00р.;;;;;;;предоплата;25
Комплектующие ЯМЗ;Г1702-3771100 Статор;Г1702-3771100;Статор;1 380,00р.;;;;;;;предоплата; в наличии мало
Комплектующие ЯМЗ;236-1601273-А2 Пружина упорного кольца ;236-1601273-А2;Пружина упорного кольца ;75,60р.;;;;;;;предоплата;в наличии
Комплектующие ЯМЗ;236-1601275-А2 Петля сцепления ;236-1601275-А2;Петля сцепления ;63,60р.;;;;;;;предоплата;в наличии
Комплектующие ЯМЗ;7511-1003013 Головка цилиндров;7511-1003013;Головка цилиндров;15 000,00р.;;;;;;;предоплата;в наличии
Комплектующие ЯМЗ;182-1601000-15 Сцепление в сборе;182-1601000-15;Сцепление в сборе;19 500,00р.;;;;;;;предоплата;в наличии
Комплектующие ЯМЗ;8401-1013700 Сетка вмр;8401-1013700;Сетка вмр;900,00р.;;;;;;;предоплата;в наличии
Комплектующие ЯМЗ;11х10зуб-1180 11х10зуб-1180  Ремень вентиляторный на двигатель ЯМЗ-8401(помпа), ТМЗ-8421, 8423, 8424, ЯМЗ 238АК, ЕК (ЯРТ);11х10зуб-1180;11х10зуб-1180  Ремень вентиляторный на двигатель ЯМЗ-8401(помпа), ТМЗ-8421, 8423, 8424, ЯМЗ 238АК, ЕК (ЯРТ);120,78р.;;;;;;;предоплата;в наличии
Комплектующие ЯМЗ;14х13зуб-1320 14х13зуб-1320 (ЯРТ) ремень вентил. на дв. 240БМ (5 шт), 8421 (3 шт) КаМАЗ-740,741;14х13зуб-1320;14х13зуб-1320 (ЯРТ) ремень вентил. на дв. 240БМ (5 шт), 8421 (3 шт) КаМАЗ-740,741;257,10р.;;;;;;;предоплата;в наличии
Комплектующие ЯМЗ;11х10-900 11х10-900 (ЯРТ) ремень вентил. на ЯМЗ- 7511 (7511.3701002-01),-8423.10(К701М);11х10-900;11х10-900 (ЯРТ) ремень вентил. на ЯМЗ- 7511 (7511.3701002-01),-8423.10(К701М);92,12р.;;;;;;;предоплата;в наличии
Комплектующие ЯМЗ;8486-3701790 Планка генератора(ТМЗ)  ;8486-3701790;Планка генератора(ТМЗ)  ;500,00р.;;;;;;;предоплата;в наличии
Комплектующие ЯМЗ;841-3701790 Планка генератора(ТМЗ)  ;841-3701790;Планка генератора(ТМЗ)  ;500,00р.;;;;;;;предоплата;в наличии
Комплектующие ЯМЗ;8481-1029702 Редуктор насоса забортной воды ;8481-1029702;Редуктор насоса забортной воды ;65 000,00р.;;;;;;;предоплата;60дней
Комплектующие ЯМЗ;850-1308676 Корпус заднего подшипника;850-1308676;Корпус заднего подшипника;5 500,00р.;;;;;;;предоплата;в наличии
Комплектующие ЯМЗ;850-1029104-СБ Шестерня в сборе с осью;850-1029104-СБ;Шестерня в сборе с осью;12 500,00р.;;;;;;;предоплата;в наличии
Комплектующие ЯМЗ;840-1104376-20 Трубка топливная дренажная короткая;840-1104376-20;Трубка топливная дренажная короткая;700,00р.;;;;;;;предоплата;в наличии
Комплектующие ЯМЗ;8401-1007252-10 Направляющая толкателей;8401-1007252-10;Направляющая толкателей;4 800,00р.;;;;;;;предоплата;в наличии
Комплектующие ЯМЗ;НШ-50М-3Пр Насос шестеренный правый (плоский) (MASTER) /Гидросила/;НШ-50М-3Пр;Насос шестеренный правый (плоский) (MASTER) /Гидросила/;2 605,90р.;;;;;;;предоплата;23
Комплектующие ЯМЗ;НШ-50М-3Л Насос шестеренный левый (плоский) (MASTER) /Гидросила/;НШ-50М-3Л;Насос шестеренный левый (плоский) (MASTER) /Гидросила/;2 605,90р.;;;;;;;предоплата;28
Комплектующие ЯМЗ;548А-1301011 (а) Радиатор водяной аллюминий;548А-1301011 (а);Радиатор водяной аллюминий;54 450,00р.;;;;;;;предоплата;в наличии
Комплектующие ЯМЗ;548А-1301011 (м) Радиатор водяной медный;548А-1301011 (м);Радиатор водяной медный;70 510,00р.;;;;;;;предоплата;в наличии
Комплектующие ЯМЗ;548-1012010 (а) Радиатор аллюминий;548-1012010 (а);Радиатор аллюминий;21 965,00р.;;;;;;;предоплата;в наличии
Комплектующие ЯМЗ;548-1012010 (м) Радиатор медный;548-1012010 (м);Радиатор медный;28 865,00р.;;;;;;;предоплата;в наличии
Комплектующие ЯМЗ;340527 Болт м18х55;340527;Болт м18х55;143,00р.;;;;;;;предоплата;в наличии
Комплектующие ЯМЗ;342364 Гайка м18;342364;Гайка м18;78,00р.;;;;;;;предоплата;в наличии
Комплектующие ЯМЗ;252140 Шайба;252140;Шайба;23,00р.;;;;;;;предоплата;в наличии
Комплектующие ЯМЗ;342408 Гайка;342408;Гайка;89,70р.;;;;;;;предоплата;в наличии
Комплектующие ЯМЗ;540А-8603006 Р/к УОМа;540А-8603006;Р/к УОМа;1 815,00р.;;;;;;;предоплата;в наличии
Комплектующие ЯМЗ;11-3512050 Регулятор давления;11-3512050;Регулятор давления;1 639,00р.;;;;;;;предоплата;в наличии
Комплектующие ЯМЗ;548-2907018 Р/к подвески;548-2907018;Р/к подвески;1 309,00р.;;;;;;;предоплата;в наличии
Комплектующие ЯМЗ;75489-29170020 Цилиндр подвески;75489-29170020;Цилиндр подвески;30 910,00р.;;;;;;;предоплата;в наличии
Комплектующие ЯМЗ;7545-1108900 Клапан пневматический в сборе;7545-1108900;Клапан пневматический в сборе;3 839,00р.;;;;;;;предоплата;в наличии
Комплектующие ЯМЗ;540-3924370-12 Приспособление для зарядки;540-3924370-12;Приспособление для зарядки;11 110,00р.;;;;;;;предоплата;в наличии
Комплектующие ЯМЗ;6002-3829 Датчик давления масла (ан. ММ111В, под винт);6002-3829;Датчик давления масла (ан. ММ111В, под винт);120,00р.;;;;;;;предоплата;в наличии
Комплектующие ЯМЗ;751-3777-01 реле КАМАЗ АВАР (аналог 901-3747-01);751-3777-01;реле КАМАЗ АВАР (аналог 901-3747-01);92,00р.;;;;;;;предоплата;в наличии
Комплектующие ЯМЗ;548А-1013150-10 Теплообменник водомасляный;548А-1013150-10;Теплообменник водомасляный;37 290,00р.;;;;;;;предоплата;в наличии
