Запчасти Белаз;548-3501105 накладка тормозная;548-3501105;накладка тормозная;352.00р.;;;;;;;предоплата;40;Белаз;548-3501105 накладка тормозная, 548-3501105, запчасти белаз
Запчасти Белаз;540-3501106 ролик тормозной колодки;540-3501106;ролик тормозной колодки;231.00р.;;;;;;;предоплата;40;Белаз;540-3501106 ролик тормозной колодки, 540-3501106, запчасти белаз
Запчасти Белаз;540-3501107 ось ролика тормозной колодки;540-3501107;ось ролика тормозной колодки;176.00р.;;;;;;;предоплата;20;Белаз;540-3501107 ось ролика тормозной колодки, 540-3501107, запчасти белаз
Запчасти Белаз;540-3501108 кольцо запорное;540-3501108;кольцо запорное;22.00р.;;;;;;;предоплата;50;Белаз;540-3501108 кольцо запорное, 540-3501108, запчасти белаз
Запчасти Белаз;540-3501110 кулак разжимной;540-3501110;кулак разжимной;1,210.00р.;;;;;;;предоплата;6;Белаз;540-3501110 кулак разжимной, 540-3501110, запчасти белаз
Запчасти Белаз;548-3501110 кулак разжимной;548-3501110;кулак разжимной;1,925.00р.;;;;;;;предоплата;6;Белаз;548-3501110 кулак разжимной, 548-3501110, запчасти белаз
Запчасти Белаз;540-3501115 вал разжимного кулака;540-3501115;вал разжимного кулака;1,595.00р.;;;;;;;предоплата;20;Белаз;540-3501115 вал разжимного кулака, 540-3501115, запчасти белаз
Запчасти Белаз;548-3501115 вал разжимного кулака;548-3501115;вал разжимного кулака;1,595.00р.;;;;;;;предоплата;10;Белаз;548-3501115 вал разжимного кулака, 548-3501115, запчасти белаз
Запчасти Белаз;7820-3501128 муфта защитная;7820-3501128;муфта защитная;77.00р.;;;;;;;предоплата;200;Белаз;7820-3501128 муфта защитная, 7820-3501128, запчасти белаз
Запчасти Белаз;540-3501132-01 ось колодок переднего тормоза;540-3501132-01;ось колодок переднего тормоза;506.00р.;;;;;;;предоплата;20;Белаз;540-3501132-01 ось колодок переднего тормоза, 540-3501132-01, запчасти белаз
Запчасти Белаз;548-3501132 ось колодки;548-3501132;ось колодки;759.00р.;;;;;;;предоплата;56;Белаз;548-3501132 ось колодки, 548-3501132, запчасти белаз
Запчасти Белаз;548-3501135 рычаг разжимной;548-3501135;рычаг разжимной;2,101.00р.;;;;;;;предоплата;1;Белаз;548-3501135 рычаг разжимной, 548-3501135, запчасти белаз
Запчасти Белаз;500-3501136 рычаг регулировочный;500-3501136;рычаг регулировочный;1,595.00р.;;;;;;;предоплата;1;Белаз;500-3501136 рычаг регулировочный, 500-3501136, запчасти белаз
Запчасти Белаз;7555-3501190 накладка тормозная  (7555В-3501190-01);7555-3501190;накладка тормозная  (7555В-3501190-01);1,859.00р.;;;;;;;предоплата;30;Белаз;7555-3501190 накладка тормозная  (7555В-3501190-01), 7555-3501190, запчасти белаз
Запчасти Белаз;7555-3502072 диск;7555-3502072;диск;21,010.00р.;;;;;;;предоплата;4;Белаз;7555-3502072 диск, 7555-3502072, запчасти белаз
Запчасти Белаз;525-3502108-10 втулка   (525-3502106);525-3502108-10;втулка   (525-3502106);324.50р.;;;;;;;предоплата;20;Белаз;525-3502108-10 втулка   (525-3502106), 525-3502108-10, запчасти белаз
Запчасти Белаз;548-3502115 вал разжимного кулака;548-3502115;вал разжимного кулака;1,529.00р.;;;;;;;предоплата;6;Белаз;548-3502115 вал разжимного кулака, 548-3502115, запчасти белаз
Запчасти Белаз;548-3502132 ось колодок заднего тормоза;548-3502132;ось колодок заднего тормоза;704.00р.;;;;;;;предоплата;20;Белаз;548-3502132 ось колодок заднего тормоза, 548-3502132, запчасти белаз
Запчасти Белаз;525-3502140-10 шестерня рычага;525-3502140-10;шестерня рычага;605.00р.;;;;;;;предоплата;4;Белаз;525-3502140-10 шестерня рычага, 525-3502140-10, запчасти белаз
Запчасти Белаз;75405-3506080 шланг тормозной;75405-3506080;шланг тормозной;264.00р.;;;;;;;предоплата;10;Белаз;75405-3506080 шланг тормозной, 75405-3506080, запчасти белаз
Запчасти Белаз;75405-3506084 шланг тормозной;75405-3506084;шланг тормозной;253.00р.;;;;;;;предоплата;150;Белаз;75405-3506084 шланг тормозной, 75405-3506084, запчасти белаз
Запчасти Белаз;548А-3506094 шланг тормозной;548А-3506094;шланг тормозной;891.00р.;;;;;;;предоплата;20;Белаз;548А-3506094 шланг тормозной, 548А-3506094, запчасти белаз
Запчасти Белаз;540-3507010 суппорт стояночного тормоза в сборе;540-3507010;суппорт стояночного тормоза в сборе;12,320.00р.;;;;;;;предоплата;3;Белаз;540-3507010 суппорт стояночного тормоза в сборе, 540-3507010, запчасти белаз
Запчасти Белаз;7540-3507010 суппорт стояночного тормоза в сборе;7540-3507010;суппорт стояночного тормоза в сборе;12,320.00р.;;;;;;;предоплата;4;Белаз;7540-3507010 суппорт стояночного тормоза в сборе, 7540-3507010, запчасти белаз
Запчасти Белаз;548А-3507010-10 суппорт стояночного тормоза в сборе;548А-3507010-10;суппорт стояночного тормоза в сборе;13,750.00р.;;;;;;;предоплата;1;Белаз;548А-3507010-10 суппорт стояночного тормоза в сборе, 548А-3507010-10, запчасти белаз
Запчасти Белаз;7555-3507010-10 суппорт стояночного тормоза в сборе;7555-3507010-10;суппорт стояночного тормоза в сборе;11,990.00р.;;;;;;;предоплата;1;Белаз;7555-3507010-10 суппорт стояночного тормоза в сборе, 7555-3507010-10, запчасти белаз
Запчасти Белаз;7555-3507015 колодка тормозная в сборе с накладками  ;7555-3507015;колодка тормозная в сборе с накладками  ;7,150.00р.;;;;;;;предоплата;30;Белаз;7555-3507015 колодка тормозная в сборе с накладками  , 7555-3507015, запчасти белаз
Запчасти Белаз;549А-3507015 колодка тормозная в сборе с накладками ;549А-3507015;колодка тормозная в сборе с накладками ;1,639.00р.;;;;;;;предоплата;20;Белаз;549А-3507015 колодка тормозная в сборе с накладками , 549А-3507015, запчасти белаз
Запчасти Белаз;549А-3507020 накладка тормозная;549А-3507020;накладка тормозная;198.00р.;;;;;;;предоплата;40;Белаз;549А-3507020 накладка тормозная, 549А-3507020, запчасти белаз
Запчасти Белаз;7555-3507048 пружина стяжная;7555-3507048;пружина стяжная;49.50р.;;;;;;;предоплата;300;Белаз;7555-3507048 пружина стяжная, 7555-3507048, запчасти белаз
Запчасти Белаз;548А-3507050 барабан стояночного тормоза в сборе  (7523-3507050);548А-3507050;барабан стояночного тормоза в сборе  (7523-3507050);20,790.00р.;;;;;;;предоплата;6;Белаз;548А-3507050 барабан стояночного тормоза в сборе  (7523-3507050), 548А-3507050, запчасти белаз
Запчасти Белаз;7555-3507050 барабан стояночного тормоза в сборе;7555-3507050;барабан стояночного тормоза в сборе;22,990.00р.;;;;;;;предоплата;2;Белаз;7555-3507050 барабан стояночного тормоза в сборе, 7555-3507050, запчасти белаз
Запчасти Белаз;548-3507052 барабан стояночного тормоза;548-3507052;барабан стояночного тормоза;16,390.00р.;;;;;;;предоплата;6;Белаз;548-3507052 барабан стояночного тормоза, 548-3507052, запчасти белаз
Запчасти Белаз;7555-3507052 барабан стояночного тормоза;7555-3507052;барабан стояночного тормоза;18,150.00р.;;;;;;;предоплата;4;Белаз;7555-3507052 барабан стояночного тормоза, 7555-3507052, запчасти белаз
Запчасти Белаз;540М-3507110 кулак разжимной;540М-3507110;кулак разжимной;1,815.00р.;;;;;;;предоплата;4;Белаз;540М-3507110 кулак разжимной, 540М-3507110, запчасти белаз
Запчасти Белаз;549А-3507111 кулак разжимной;549А-3507111;кулак разжимной;1,815.00р.;;;;;;;предоплата;2;Белаз;549А-3507111 кулак разжимной, 549А-3507111, запчасти белаз
Запчасти Белаз;540М-3507182 кронштейн;540М-3507182;кронштейн;3,795.00р.;;;;;;;предоплата;10;Белаз;540М-3507182 кронштейн, 540М-3507182, запчасти белаз
Запчасти Белаз;548А-3507182 кронштейн;548А-3507182;кронштейн;3,795.00р.;;;;;;;предоплата;1;Белаз;548А-3507182 кронштейн, 548А-3507182, запчасти белаз
Запчасти Белаз;75132-3507230-1 цилиндр;75132-3507230-1;цилиндр;21,010.00р.;;;;;;;предоплата;2;Белаз;75132-3507230-1 цилиндр, 75132-3507230-1, запчасти белаз
Запчасти Белаз;5336-3509012 компрессор   (540А-3509012);5336-3509012;компрессор   (540А-3509012);5,830.00р.;;;;;;;предоплата;30;Белаз;5336-3509012 компрессор   (540А-3509012), 5336-3509012, запчасти белаз
Запчасти Белаз;540А-3509130 шкив компрессора;540А-3509130;шкив компрессора;1,331.00р.;;;;;;;предоплата;9;Белаз;540А-3509130 шкив компрессора, 540А-3509130, запчасти белаз
Запчасти Белаз;11-3511010-01 водоотделитель;11-3511010-01;водоотделитель;2,530.00р.;;;;;;;предоплата;10;Белаз;11-3511010-01 водоотделитель, 11-3511010-01, запчасти белаз
Запчасти Белаз;11-3512010 регулятор давления;11-3512010;регулятор давления;1,595.00р.;;;;;;;предоплата;25;Белаз;11-3512010 регулятор давления, 11-3512010, запчасти белаз
Запчасти Белаз;100-3514010-01 кран тормозной  2-х секционный;100-3514010-01;кран тормозной  2-х секционный;3,850.00р.;;;;;;;предоплата;4;Белаз;100-3514010-01 кран тормозной  2-х секционный, 100-3514010-01, запчасти белаз
Запчасти Белаз;7540-3514010-01 кран управления тормозами (7540М-3514010);7540-3514010-01;кран управления тормозами (7540М-3514010);4,950.00р.;;;;;;;предоплата;20;Белаз;7540-3514010-01 кран управления тормозами (7540М-3514010), 7540-3514010-01, запчасти белаз
Запчасти Белаз;7555А-3514010-01 кран управления тормозами  (7512-3514010-01);7555А-3514010-01;кран управления тормозами  (7512-3514010-01);28,490.00р.;;;;;;;предоплата;1;Белаз;7555А-3514010-01 кран управления тормозами  (7512-3514010-01), 7555А-3514010-01, запчасти белаз
Запчасти Белаз;100-3515010-01 клапан защитный одинарный  (100-3515010);100-3515010-01;клапан защитный одинарный  (100-3515010);539.00р.;;;;;;;предоплата;28;Белаз;100-3515010-01 клапан защитный одинарный  (100-3515010), 100-3515010-01, запчасти белаз
Запчасти Белаз;75125-3515010 клапан предохранительный;75125-3515010;клапан предохранительный;3,190.00р.;;;;;;;предоплата;23;Белаз;75125-3515010 клапан предохранительный, 75125-3515010, запчасти белаз
Запчасти Белаз;100-3515110 клапан защитный двойной;100-3515110;клапан защитный двойной;1,529.00р.;;;;;;;предоплата;9;Белаз;100-3515110 клапан защитный двойной, 100-3515110, запчасти белаз
Запчасти Белаз;75125-3515110 клапан защитный;75125-3515110;клапан защитный;5,940.00р.;;;;;;;предоплата;4;Белаз;75125-3515110 клапан защитный, 75125-3515110, запчасти белаз
Запчасти Белаз;11-3515150-10 противозамерзатель  (100-3536010);11-3515150-10;противозамерзатель  (100-3536010);649.00р.;;;;;;;предоплата;31;Белаз;11-3515150-10 противозамерзатель  (100-3536010), 11-3515150-10, запчасти белаз
Запчасти Белаз;11-3518010 клапан ускорительный   (100-3518010);11-3518010;клапан ускорительный   (100-3518010);1,441.00р.;;;;;;;предоплата;2;Белаз;11-3518010 клапан ускорительный   (100-3518010), 11-3518010, запчасти белаз
Запчасти Белаз;540-3519010 цилиндр тормозной;540-3519010;цилиндр тормозной;4,620.00р.;;;;;;;предоплата;40;Белаз;540-3519010 цилиндр тормозной, 540-3519010, запчасти белаз
Запчасти Белаз;540-3519054 пружина возвратная;540-3519054;пружина возвратная;269.50р.;;;;;;;предоплата;10;Белаз;540-3519054 пружина возвратная, 540-3519054, запчасти белаз
Запчасти Белаз;7540-3519128 поршень с манжетой;7540-3519128;поршень с манжетой;1,441.00р.;;;;;;;предоплата;2;Белаз;7540-3519128 поршень с манжетой, 7540-3519128, запчасти белаз
Запчасти Белаз;540-3519137-10 манжета тормозной камеры;540-3519137-10;манжета тормозной камеры;132.00р.;;;;;;;предоплата;50;Белаз;540-3519137-10 манжета тормозной камеры, 540-3519137-10, запчасти белаз
Запчасти Белаз;540-3519140-30 крышка цилиндра;540-3519140-30;крышка цилиндра;539.00р.;;;;;;;предоплата;10;Белаз;540-3519140-30 крышка цилиндра, 540-3519140-30, запчасти белаз
Запчасти Белаз;540-3519185-10 муфта;540-3519185-10;муфта;121.00р.;;;;;;;предоплата;50;Белаз;540-3519185-10 муфта, 540-3519185-10, запчасти белаз
Запчасти Белаз;540А-3519190-01 сапун в сборе;540А-3519190-01;сапун в сборе;104.50р.;;;;;;;предоплата;500;Белаз;540А-3519190-01 сапун в сборе, 540А-3519190-01, запчасти белаз
Запчасти Белаз;75405-3519310 цилиндр стояночного тормоза     (540M-3519310);75405-3519310;цилиндр стояночного тормоза     (540M-3519310);15,290.00р.;;;;;;;предоплата;10;Белаз;75405-3519310 цилиндр стояночного тормоза     (540M-3519310), 75405-3519310, запчасти белаз
Запчасти Белаз;7545-3519310-20 цилиндр стояночного тормоза (энергоаккумулятор);7545-3519310-20;цилиндр стояночного тормоза (энергоаккумулятор);18,150.00р.;;;;;;;предоплата;12;Белаз;7545-3519310-20 цилиндр стояночного тормоза (энергоаккумулятор), 7545-3519310-20, запчасти белаз
Запчасти Белаз;549А-3519328 манжета поршня тормозного цилиндра  (2,2-120*150-1);549А-3519328;манжета поршня тормозного цилиндра  (2,2-120*150-1);99.00р.;;;;;;;предоплата;50;Белаз;549А-3519328 манжета поршня тормозного цилиндра  (2,2-120*150-1), 549А-3519328, запчасти белаз
Запчасти Белаз;549А-3519334 пружина;549А-3519334;пружина;869.00р.;;;;;;;предоплата;50;Белаз;549А-3519334 пружина, 549А-3519334, запчасти белаз
Запчасти Белаз;549А-3519336 пружина;549А-3519336;пружина;869.00р.;;;;;;;предоплата;50;Белаз;549А-3519336 пружина, 549А-3519336, запчасти белаз
Запчасти Белаз;540М-3519396 муфта защитная;540М-3519396;муфта защитная;93.50р.;;;;;;;предоплата;50;Белаз;540М-3519396 муфта защитная, 540М-3519396, запчасти белаз
Запчасти Белаз;100-3534010 клапан ограничения давления;100-3534010;клапан ограничения давления;1,639.00р.;;;;;;;предоплата;1;Белаз;100-3534010 клапан ограничения давления, 100-3534010, запчасти белаз
Запчасти Белаз;100-3537110 кран пневматический;100-3537110;кран пневматический;649.00р.;;;;;;;предоплата;10;Белаз;100-3537110 кран пневматический, 100-3537110, запчасти белаз
Запчасти Белаз;100-3570110 цилиндр пневматический;100-3570110;цилиндр пневматический;495.00р.;;;;;;;предоплата;10;Белаз;100-3570110 цилиндр пневматический, 100-3570110, запчасти белаз
Запчасти Белаз;100-3570210 цилиндр пневматический;100-3570210;цилиндр пневматический;649.00р.;;;;;;;предоплата;10;Белаз;100-3570210 цилиндр пневматический, 100-3570210, запчасти белаз
Запчасти Белаз;75551-3572012 корпус тормоза-замедлителя   (7555-3507010);75551-3572012;корпус тормоза-замедлителя   (7555-3507010);26,290.00р.;;;;;;;предоплата;3;Белаз;75551-3572012 корпус тормоза-замедлителя   (7555-3507010), 75551-3572012, запчасти белаз
Запчасти Белаз;7555-3572012 корпус тормоза-замедлителя   (7555-3507010);7555-3572012;корпус тормоза-замедлителя   (7555-3507010);26,290.00р.;;;;;;;предоплата;9;Белаз;7555-3572012 корпус тормоза-замедлителя   (7555-3507010), 7555-3572012, запчасти белаз
Запчасти Белаз;7548-3572012 корпус тормоза-замедлителя   ;7548-3572012;корпус тормоза-замедлителя   ;21,450.00р.;;;;;;;предоплата;1;Белаз;7548-3572012 корпус тормоза-замедлителя   , 7548-3572012, запчасти белаз
Запчасти Белаз;540-3572028-01 механизм управления;540-3572028-01;механизм управления;9,790.00р.;;;;;;;предоплата;5;Белаз;540-3572028-01 механизм управления, 540-3572028-01, запчасти белаз
Запчасти Белаз;7555-3572114 ступица;7555-3572114;ступица;1,837.00р.;;;;;;;предоплата;3;Белаз;7555-3572114 ступица, 7555-3572114, запчасти белаз
Запчасти Белаз;7523-3572120 кольцо уплотнительное;7523-3572120;кольцо уплотнительное;49.50р.;;;;;;;предоплата;10;Белаз;7523-3572120 кольцо уплотнительное, 7523-3572120, запчасти белаз
Запчасти Белаз;540-3572130-03 шланг свободного слива к радиатору  (540-3572130-02);540-3572130-03;шланг свободного слива к радиатору  (540-3572130-02);979.00р.;;;;;;;предоплата;6;Белаз;540-3572130-03 шланг свободного слива к радиатору  (540-3572130-02), 540-3572130-03, запчасти белаз
Запчасти Белаз;75551-3572140 ротор в сборе;75551-3572140;ротор в сборе;17,930.00р.;;;;;;;предоплата;6;Белаз;75551-3572140 ротор в сборе, 75551-3572140, запчасти белаз
Запчасти Белаз;75551-3572152 крышка корпуса тормоза-замедлителя;75551-3572152;крышка корпуса тормоза-замедлителя;15,950.00р.;;;;;;;предоплата;7;Белаз;75551-3572152 крышка корпуса тормоза-замедлителя, 75551-3572152, запчасти белаз
Запчасти Белаз;7548-3573010 механизм управления тормозом замедлителем;7548-3573010;механизм управления тормозом замедлителем;10,010.00р.;;;;;;;предоплата;4;Белаз;7548-3573010 механизм управления тормозом замедлителем, 7548-3573010, запчасти белаз
Запчасти Белаз;7548-3573210 механизм управления тормозом замедлителем;7548-3573210;механизм управления тормозом замедлителем;24,310.00р.;;;;;;;предоплата;1;Белаз;7548-3573210 механизм управления тормозом замедлителем, 7548-3573210, запчасти белаз
Запчасти Белаз;75132-3577152 диск;75132-3577152;диск;21,010.00р.;;;;;;;предоплата;1;Белаз;75132-3577152 диск, 75132-3577152, запчасти белаз
Запчасти Белаз;Г263-3701050 фланец;Г263-3701050;фланец;990.00р.;;;;;;;предоплата;20;Белаз;Г263-3701050 фланец, Г263-3701050, запчасти белаз
Запчасти Белаз;Г290А-3701055 вентилятор в сборе;Г290А-3701055;вентилятор в сборе;770.00р.;;;;;;;предоплата;8;Белаз;Г290А-3701055 вентилятор в сборе, Г290А-3701055, запчасти белаз
Запчасти Белаз;Г263А-3701100 статор генератора;Г263А-3701100;статор генератора;6,930.00р.;;;;;;;предоплата;3;Белаз;Г263А-3701100 статор генератора, Г263А-3701100, запчасти белаз
Запчасти Белаз;Г256-3701200 ротор генератора;Г256-3701200;ротор генератора;6,930.00р.;;;;;;;предоплата;5;Белаз;Г256-3701200 ротор генератора, Г256-3701200, запчасти белаз
Запчасти Белаз;Г263А-3701300 крышка в сборе;Г263А-3701300;крышка в сборе;2,420.00р.;;;;;;;предоплата;3;Белаз;Г263А-3701300 крышка в сборе, Г263А-3701300, запчасти белаз
Запчасти Белаз;Г263-3701400 крышка со стороны привода в сборе;Г263-3701400;крышка со стороны привода в сборе;2,090.00р.;;;;;;;предоплата;10;Белаз;Г263-3701400 крышка со стороны привода в сборе, Г263-3701400, запчасти белаз
Запчасти Белаз;63-3701640 кожух генератора;63-3701640;кожух генератора;880.00р.;;;;;;;предоплата;20;Белаз;63-3701640 кожух генератора, 63-3701640, запчасти белаз
Запчасти Белаз;240-3701774-Д2 кронштейн генератора;240-3701774-Д2;кронштейн генератора;1,067.36р.;;;;;;;предоплата;7;Белаз;240-3701774-Д2 кронштейн генератора, 240-3701774-Д2, запчасти белаз
Запчасти Белаз;6301-3701 генератор  ;6301-3701;генератор  ;31,625.00р.;;;;;;;предоплата;1;Белаз;6301-3701 генератор  , 6301-3701, запчасти белаз
Запчасти Белаз;21-3702000 регулятор напряжения     (РР 330);21-3702000;регулятор напряжения     (РР 330);3,850.00р.;;;;;;;предоплата;10;Белаз;21-3702000 регулятор напряжения     (РР 330), 21-3702000, запчасти белаз
Запчасти Белаз;2501-3708-200-03 якорь стартера;2501-3708-200-03;якорь стартера;3,630.00р.;;;;;;;предоплата;7;Белаз;2501-3708-200-03 якорь стартера, 2501-3708-200-03, запчасти белаз
Запчасти Белаз;25-3708320 траверса;25-3708320;траверса;1,260.00р.;;;;;;;предоплата;8;Белаз;25-3708320 траверса, 25-3708320, запчасти белаз
Запчасти Белаз;2501-3708-600 привод стартера (бендикс) 11 зубьев;2501-3708-600;привод стартера (бендикс) 11 зубьев;2,200.00р.;;;;;;;предоплата;2;Белаз;2501-3708-600 привод стартера (бендикс) 11 зубьев, 2501-3708-600, запчасти белаз
Запчасти Белаз;2501-3708-800 реле втягивающее (Элтра);2501-3708-800;реле втягивающее (Элтра);2,640.00р.;;;;;;;предоплата;12;Белаз;2501-3708-800 реле втягивающее (Элтра), 2501-3708-800, запчасти белаз
Запчасти Белаз;ЩСК 2 (МГС5 12*32*20) щётка стартера БЕЛАЗ;ЩСК 2 (МГС5 12*32*20);щётка стартера БЕЛАЗ;82.50р.;;;;;;;предоплата;80;Белаз;ЩСК 2 (МГС5 12*32*20) щётка стартера БЕЛАЗ, ЩСК 2 (МГС5 12*32*20), запчасти белаз
Запчасти Белаз;СТ 25-3708 стартер         (СТ 103-3708000);СТ 25-3708;стартер         (СТ 103-3708000);21,450.00р.;;;;;;;предоплата;5;Белаз;СТ 25-3708 стартер         (СТ 103-3708000), СТ 25-3708, запчасти белаз
Запчасти Белаз;21-3709 пульт переключения передач   (для 5-ти ступ. ГМП) ;21-3709;пульт переключения передач   (для 5-ти ступ. ГМП) ;6,490.00р.;;;;;;;предоплата;1;Белаз;21-3709 пульт переключения передач   (для 5-ти ступ. ГМП) , 21-3709, запчасти белаз
Запчасти Белаз;7920-3710050 выключатель жалюзи  (зелёный без символа);7920-3710050;выключатель жалюзи  (зелёный без символа);286.00р.;;;;;;;предоплата;20;Белаз;7920-3710050 выключатель жалюзи  (зелёный без символа), 7920-3710050, запчасти белаз
Запчасти Белаз;7920-3710052 выключатель ГМП   (оранжевый без символа);7920-3710052;выключатель ГМП   (оранжевый без символа);286.00р.;;;;;;;предоплата;20;Белаз;7920-3710052 выключатель ГМП   (оранжевый без символа), 7920-3710052, запчасти белаз
Запчасти Белаз;171-3711010 фара-прожектор;171-3711010;фара-прожектор;1,331.00р.;;;;;;;предоплата;2;Белаз;171-3711010 фара-прожектор, 171-3711010, запчасти белаз
Запчасти Белаз;201-3711010 фара-прожектор;201-3711010;фара-прожектор;605.00р.;;;;;;;предоплата;2;Белаз;201-3711010 фара-прожектор, 201-3711010, запчасти белаз
Запчасти Белаз;341-3711010 фара передняя квадратная;341-3711010;фара передняя квадратная;979.00р.;;;;;;;предоплата;2;Белаз;341-3711010 фара передняя квадратная, 341-3711010, запчасти белаз
Запчасти Белаз;354-3716010 задний фонарь с катафотом правый;354-3716010;задний фонарь с катафотом правый;319.00р.;;;;;;;предоплата;2;Белаз;354-3716010 задний фонарь с катафотом правый, 354-3716010, запчасти белаз
Запчасти Белаз;355-3716010 задний фонарь с катафотом левый;355-3716010;задний фонарь с катафотом левый;319.00р.;;;;;;;предоплата;2;Белаз;355-3716010 задний фонарь с катафотом левый, 355-3716010, запчасти белаз
Запчасти Белаз;5320-3721500 электромагнитный клапан       (КЭМ-18);5320-3721500;электромагнитный клапан       (КЭМ-18);1,331.00р.;;;;;;;предоплата;12;Белаз;5320-3721500 электромагнитный клапан       (КЭМ-18), 5320-3721500, запчасти белаз
Запчасти Белаз;75481-3724008-40 жгут проводов основной;75481-3724008-40;жгут проводов основной;14,410.00р.;;;;;;;предоплата;1;Белаз;75481-3724008-40 жгут проводов основной, 75481-3724008-40, запчасти белаз
Запчасти Белаз;7547-3724008-40 жгут проводов основной;7547-3724008-40;жгут проводов основной;14,410.00р.;;;;;;;предоплата;1;Белаз;7547-3724008-40 жгут проводов основной, 7547-3724008-40, запчасти белаз
Запчасти Белаз;7547-3724010 жгут проводов основной;7547-3724010;жгут проводов основной;13,750.00р.;;;;;;;предоплата;1;Белаз;7547-3724010 жгут проводов основной, 7547-3724010, запчасти белаз
Запчасти Белаз;75481-3724018-20 жгут проводов добавочный  ;75481-3724018-20;жгут проводов добавочный  ;15,290.00р.;;;;;;;предоплата;1;Белаз;75481-3724018-20 жгут проводов добавочный  , 75481-3724018-20, запчасти белаз
Запчасти Белаз;7547-3724018-40 жгут проводов добавочный;7547-3724018-40;жгут проводов добавочный;14,190.00р.;;;;;;;предоплата;1;Белаз;7547-3724018-40 жгут проводов добавочный, 7547-3724018-40, запчасти белаз
Запчасти Белаз;75473-3724018-10 жгут проводов добавочный  ;75473-3724018-10;жгут проводов добавочный  ;14,080.00р.;;;;;;;предоплата;1;Белаз;75473-3724018-10 жгут проводов добавочный  , 75473-3724018-10, запчасти белаз
Запчасти Белаз;7547-3724026-20 жгут проводов передних фар;7547-3724026-20;жгут проводов передних фар;4,950.00р.;;;;;;;предоплата;2;Белаз;7547-3724026-20 жгут проводов передних фар, 7547-3724026-20, запчасти белаз
Запчасти Белаз;"7548А-3724028 жгут проводов выключателя ""массы"" по ланжерону";7548А-3724028;"жгут проводов выключателя ""массы"" по ланжерону";1,320.00р.;;;;;;;предоплата;1;Белаз;"7548А-3724028 жгут проводов выключателя ""массы"" по ланжерону, 7548А-3724028, запчасти белаз"
Запчасти Белаз;75481-3724030 жгут проводов по лонжерону;75481-3724030;жгут проводов по лонжерону;10,010.00р.;;;;;;;предоплата;1;Белаз;75481-3724030 жгут проводов по лонжерону, 75481-3724030, запчасти белаз
Запчасти Белаз;7547-3724030-20 жгут проводов по лонжерону;7547-3724030-20;жгут проводов по лонжерону;10,010.00р.;;;;;;;предоплата;2;Белаз;7547-3724030-20 жгут проводов по лонжерону, 7547-3724030-20, запчасти белаз
Запчасти Белаз;7548-3724040 жгут проводов заднего фонаря;7548-3724040;жгут проводов заднего фонаря;1,034.00р.;;;;;;;предоплата;1;Белаз;7548-3724040 жгут проводов заднего фонаря, 7548-3724040, запчасти белаз
Запчасти Белаз;7548-3724041 жгут проводов заднего фонаря;7548-3724041;жгут проводов заднего фонаря;1,034.00р.;;;;;;;предоплата;1;Белаз;7548-3724041 жгут проводов заднего фонаря, 7548-3724041, запчасти белаз
Запчасти Белаз;75406-3724300-20 жгут проводов двигателя  (75406-3724300);75406-3724300-20;жгут проводов двигателя  (75406-3724300);7,810.00р.;;;;;;;предоплата;1;Белаз;75406-3724300-20 жгут проводов двигателя  (75406-3724300), 75406-3724300-20, запчасти белаз
Запчасти Белаз;75481-3724300 жгут проводов двигателя;75481-3724300;жгут проводов двигателя;7,920.00р.;;;;;;;предоплата;2;Белаз;75481-3724300 жгут проводов двигателя, 75481-3724300, запчасти белаз
Запчасти Белаз;7547-3724300-10 жгут проводов двигателя;7547-3724300-10;жгут проводов двигателя;7,810.00р.;;;;;;;предоплата;1;Белаз;7547-3724300-10 жгут проводов двигателя, 7547-3724300-10, запчасти белаз
Запчасти Белаз;75473-3724300-40 жгут проводов двигателя;75473-3724300-40;жгут проводов двигателя;4,840.00р.;;;;;;;предоплата;1;Белаз;75473-3724300-40 жгут проводов двигателя, 75473-3724300-40, запчасти белаз
Запчасти Белаз;630-3730000 электродвигатель отопителя кабины;630-3730000;электродвигатель отопителя кабины;2,079.00р.;;;;;;;предоплата;20;Белаз;630-3730000 электродвигатель отопителя кабины, 630-3730000, запчасти белаз
Запчасти Белаз;62-3730000 электродвигатель отопителя кабины (МЭ205)  24В/5Вт;62-3730000;электродвигатель отопителя кабины (МЭ205)  24В/5Вт;1,375.00р.;;;;;;;предоплата;34;Белаз;62-3730000 электродвигатель отопителя кабины (МЭ205)  24В/5Вт, 62-3730000, запчасти белаз
Запчасти Белаз;1420-3737000 выключатель массы    (1212.3737-07)   150 Ам;1420-3737000;выключатель массы    (1212.3737-07)   150 Ам;3,190.00р.;;;;;;;предоплата;2;Белаз;1420-3737000 выключатель массы    (1212.3737-07)   150 Ам, 1420-3737000, запчасти белаз
Запчасти Белаз;15-3747000 электромагнит без платформы   (531-1705048-11);15-3747000;электромагнит без платформы   (531-1705048-11);1,199.00р.;;;;;;;предоплата;10;Белаз;15-3747000 электромагнит без платформы   (531-1705048-11), 15-3747000, запчасти белаз
Запчасти Белаз;540-3816390-10 манометр для замера давления в сборе! (от 0 до 10 МПа);540-3816390-10;манометр для замера давления в сборе! (от 0 до 10 МПа);2,145.00р.;;;;;;;предоплата;20;Белаз;540-3816390-10 манометр для замера давления в сборе! (от 0 до 10 МПа), 540-3816390-10, запчасти белаз
Запчасти Белаз;540-3816390 манометр для замера давления  (от 0 до 10 МПа);540-3816390;манометр для замера давления  (от 0 до 10 МПа);484.00р.;;;;;;;предоплата;10;Белаз;540-3816390 манометр для замера давления  (от 0 до 10 МПа), 540-3816390, запчасти белаз
Запчасти Белаз;7548-3841032 шестерня ведущая привода датчика спидометра;7548-3841032;шестерня ведущая привода датчика спидометра;3,740.00р.;;;;;;;предоплата;2;Белаз;7548-3841032 шестерня ведущая привода датчика спидометра, 7548-3841032, запчасти белаз
Запчасти Белаз;7548-3841034 шестерня привода датчика спидометра;7548-3841034;шестерня привода датчика спидометра;2,420.00р.;;;;;;;предоплата;2;Белаз;7548-3841034 шестерня привода датчика спидометра, 7548-3841034, запчасти белаз
Запчасти Белаз;540-3924370-12 приспособление для зарядки цилиндров подвески (на 30-55тн!);540-3924370-12;приспособление для зарядки цилиндров подвески (на 30-55тн!);11,110.00р.;;;;;;;предоплата;11;Белаз;540-3924370-12 приспособление для зарядки цилиндров подвески (на 30-55тн!), 540-3924370-12, запчасти белаз
Запчасти Белаз;549-4250010-01 вал карданный промежуточный   (оригинальный!);549-4250010-01;вал карданный промежуточный   (оригинальный!);17,490.00р.;;;;;;;предоплата;1;Белаз;549-4250010-01 вал карданный промежуточный   (оригинальный!), 549-4250010-01, запчасти белаз
Запчасти Белаз;549В-4250010-03 вал карданный промежуточный   (оригинальный!);549В-4250010-03;вал карданный промежуточный   (оригинальный!);17,490.00р.;;;;;;;предоплата;9;Белаз;549В-4250010-03 вал карданный промежуточный   (оригинальный!), 549В-4250010-03, запчасти белаз
Запчасти Белаз;7820-4603100 клапан вспомогательный;7820-4603100;клапан вспомогательный;7,150.00р.;;;;;;;предоплата;3;Белаз;7820-4603100 клапан вспомогательный, 7820-4603100, запчасти белаз
Запчасти Белаз;78211-4617100 клапан  (7823-4617100);78211-4617100;клапан  (7823-4617100);7,150.00р.;;;;;;;предоплата;2;Белаз;78211-4617100 клапан  (7823-4617100), 78211-4617100, запчасти белаз
Запчасти Белаз;540-5001080 подушка опоры кабины;540-5001080;подушка опоры кабины;319.00р.;;;;;;;предоплата;35;Белаз;540-5001080 подушка опоры кабины, 540-5001080, запчасти белаз
Запчасти Белаз;540-5206010-10 стекло ветровое;540-5206010-10;стекло ветровое;2,090.00р.;;;;;;;предоплата;26;Белаз;540-5206010-10 стекло ветровое, 540-5206010-10, запчасти белаз
Запчасти Белаз;75481-5206012 стекло ветровое;75481-5206012;стекло ветровое;2,695.00р.;;;;;;;предоплата;8;Белаз;75481-5206012 стекло ветровое, 75481-5206012, запчасти белаз
Запчасти Белаз;540-5206060-10 уплотнитель ветрового стекла;540-5206060-10;уплотнитель ветрового стекла;605.00р.;;;;;;;предоплата;38;Белаз;540-5206060-10 уплотнитель ветрового стекла, 540-5206060-10, запчасти белаз
Запчасти Белаз;75481-5206060 уплотнитель ветрового стекла;75481-5206060;уплотнитель ветрового стекла;605.00р.;;;;;;;предоплата;32;Белаз;75481-5206060 уплотнитель ветрового стекла, 75481-5206060, запчасти белаз
Запчасти Белаз;5336-6800010 сиденье водителя;5336-6800010;сиденье водителя;14,850.00р.;;;;;;;предоплата;2;Белаз;5336-6800010 сиденье водителя, 5336-6800010, запчасти белаз
Запчасти Белаз;6430-6800010 сиденье водителя;6430-6800010;сиденье водителя;16,610.00р.;;;;;;;предоплата;1;Белаз;6430-6800010 сиденье водителя, 6430-6800010, запчасти белаз
Запчасти Белаз;6430-6807006-01 подставка под сиденье водителя  (6430-6807006);6430-6807006-01;подставка под сиденье водителя  (6430-6807006);14,850.00р.;;;;;;;предоплата;6;Белаз;6430-6807006-01 подставка под сиденье водителя  (6430-6807006), 6430-6807006-01, запчасти белаз
Запчасти Белаз;5336-6807010 подставка под сиденье водителя;5336-6807010;подставка под сиденье водителя;4,290.00р.;;;;;;;предоплата;5;Белаз;5336-6807010 подставка под сиденье водителя, 5336-6807010, запчасти белаз
Запчасти Белаз;540А-8101060 радиатор отопителя;540А-8101060;радиатор отопителя;5,390.00р.;;;;;;;предоплата;2;Белаз;540А-8101060 радиатор отопителя, 540А-8101060, запчасти белаз
Запчасти Белаз;75481-8101060 радиатор отопителя;75481-8101060;радиатор отопителя;4,950.00р.;;;;;;;предоплата;6;Белаз;75481-8101060 радиатор отопителя, 75481-8101060, запчасти белаз
Запчасти Белаз;75483-8101060 радиатор отопителя;75483-8101060;радиатор отопителя;5,610.00р.;;;;;;;предоплата;4;Белаз;75483-8101060 радиатор отопителя, 75483-8101060, запчасти белаз
Запчасти Белаз;540-8500200 аммортизатор;540-8500200;аммортизатор;2,310.00р.;;;;;;;предоплата;10;Белаз;540-8500200 аммортизатор, 540-8500200, запчасти белаз
Запчасти Белаз;7520-8521800 аммортизатор;7520-8521800;аммортизатор;2,145.00р.;;;;;;;предоплата;10;Белаз;7520-8521800 аммортизатор, 7520-8521800, запчасти белаз
Запчасти Белаз;540А-8602031 палец крепления опоры кузова;540А-8602031;палец крепления опоры кузова;1,551.00р.;;;;;;;предоплата;27;Белаз;540А-8602031 палец крепления опоры кузова, 540А-8602031, запчасти белаз
Запчасти Белаз;540А-8603006 ремонтный комплект для 30-тн ЦОМа;540А-8603006;ремонтный комплект для 30-тн ЦОМа;1,815.00р.;;;;;;;предоплата;4;Белаз;540А-8603006 ремонтный комплект для 30-тн ЦОМа, 540А-8603006, запчасти белаз
Запчасти Белаз;548А-8603006 ремонтный комплект для 42-тн ЦОМа;548А-8603006;ремонтный комплект для 42-тн ЦОМа;1,815.00р.;;;;;;;предоплата;4;Белаз;548А-8603006 ремонтный комплект для 42-тн ЦОМа, 548А-8603006, запчасти белаз
Запчасти Белаз;7555-8603006 ремонтный комплект для 55-тн ЦОМа;7555-8603006;ремонтный комплект для 55-тн ЦОМа;2,310.00р.;;;;;;;предоплата;9;Белаз;7555-8603006 ремонтный комплект для 55-тн ЦОМа, 7555-8603006, запчасти белаз
Запчасти Белаз;540А-8603009-20 ЦОМ;540А-8603009-20;ЦОМ;35,310.00р.;;;;;;;предоплата;15;Белаз;540А-8603009-20 ЦОМ, 540А-8603009-20, запчасти белаз
Запчасти Белаз;548А-8603009-20 ЦОМ;548А-8603009-20;ЦОМ;47,410.00р.;;;;;;;предоплата;5;Белаз;548А-8603009-20 ЦОМ, 548А-8603009-20, запчасти белаз
Запчасти Белаз;548-8603014 труба цилиндра наружняя;548-8603014;труба цилиндра наружняя;13,530.00р.;;;;;;;предоплата;4;Белаз;548-8603014 труба цилиндра наружняя, 548-8603014, запчасти белаз
Запчасти Белаз;540-8603089 шайба защитная;540-8603089;шайба защитная;44.00р.;;;;;;;предоплата;200;Белаз;540-8603089 шайба защитная, 540-8603089, запчасти белаз
Запчасти Белаз;540-8603090 шайба;540-8603090;шайба;88.00р.;;;;;;;предоплата;200;Белаз;540-8603090 шайба, 540-8603090, запчасти белаз
Запчасти Белаз;548-8603090 шайба защитная;548-8603090;шайба защитная;137.50р.;;;;;;;предоплата;100;Белаз;548-8603090 шайба защитная, 548-8603090, запчасти белаз
Запчасти Белаз;540-8603091 шайба защитная;540-8603091;шайба защитная;99.00р.;;;;;;;предоплата;147;Белаз;540-8603091 шайба защитная, 540-8603091, запчасти белаз
Запчасти Белаз;549Б-8606200 электромагнит с платформой;549Б-8606200;электромагнит с платформой;1,584.00р.;;;;;;;предоплата;5;Белаз;549Б-8606200 электромагнит с платформой, 549Б-8606200, запчасти белаз
Запчасти Белаз;549Б-8606310-01 блок управления   (гидрораспределитель);549Б-8606310-01;блок управления   (гидрораспределитель);11,550.00р.;;;;;;;предоплата;13;Белаз;549Б-8606310-01 блок управления   (гидрораспределитель), 549Б-8606310-01, запчасти белаз
Запчасти Белаз;75474-8606410 блок управления;75474-8606410;блок управления;28,490.00р.;;;;;;;предоплата;2;Белаз;75474-8606410 блок управления, 75474-8606410, запчасти белаз
Запчасти Белаз;75132-8606410 блок управления;75132-8606410;блок управления;38,390.00р.;;;;;;;предоплата;2;Белаз;75132-8606410 блок управления, 75132-8606410, запчасти белаз
Запчасти Белаз;540А-8607204-20 панель управления  (540А-8607204);540А-8607204-20;панель управления  (540А-8607204);21,010.00р.;;;;;;;предоплата;1;Белаз;540А-8607204-20 панель управления  (540А-8607204), 540А-8607204-20, запчасти белаз
Запчасти Белаз;548А-8607204-20 панель управления  (540А-8607204);548А-8607204-20;панель управления  (540А-8607204);21,010.00р.;;;;;;;предоплата;3;Белаз;548А-8607204-20 панель управления  (540А-8607204), 548А-8607204-20, запчасти белаз
Запчасти Белаз;7545-8607204 панель управления;7545-8607204;панель управления;60,500.00р.;;;;;;;предоплата;5;Белаз;7545-8607204 панель управления, 7545-8607204, запчасти белаз
Запчасти Белаз;75474-8607204 панель управления  (7423-8607204);75474-8607204;панель управления  (7423-8607204);43,010.00р.;;;;;;;предоплата;1;Белаз;75474-8607204 панель управления  (7423-8607204), 75474-8607204, запчасти белаз
Запчасти Белаз;7547-8609380 рукав высокого давления;7547-8609380;рукав высокого давления;1,925.00р.;;;;;;;предоплата;14;Белаз;7547-8609380 рукав высокого давления, 7547-8609380, запчасти белаз
Запчасти Белаз;7523-8609380 рукав высокого давления;7523-8609380;рукав высокого давления;1,331.00р.;;;;;;;предоплата;1;Белаз;7523-8609380 рукав высокого давления, 7523-8609380, запчасти белаз
Запчасти Белаз;75405-8609380 рукав высокого давления   ;75405-8609380;рукав высокого давления   ;1,089.00р.;;;;;;;предоплата;24;Белаз;75405-8609380 рукав высокого давления   , 75405-8609380, запчасти белаз
Запчасти Белаз;75485-8609380 рукав высокого давления   (548А-8609380);75485-8609380;рукав высокого давления   (548А-8609380);1,089.00р.;;;;;;;предоплата;4;Белаз;75485-8609380 рукав высокого давления   (548А-8609380), 75485-8609380, запчасти белаз
Запчасти Белаз;751211-8609670 рукав высокого давления   (7555А-8609670);751211-8609670;рукав высокого давления   (7555А-8609670);605.00р.;;;;;;;предоплата;5;Белаз;751211-8609670 рукав высокого давления   (7555А-8609670), 751211-8609670, запчасти белаз
Запчасти Белаз;751211-8609676 рукав высокого давления   (7555А-8609676);751211-8609676;рукав высокого давления   (7555А-8609676);649.00р.;;;;;;;предоплата;38;Белаз;751211-8609676 рукав высокого давления   (7555А-8609676), 751211-8609676, запчасти белаз
Запчасти Белаз;751211-8609680 рукав высокого давления   (7555А-8609680);751211-8609680;рукав высокого давления   (7555А-8609680);693.00р.;;;;;;;предоплата;21;Белаз;751211-8609680 рукав высокого давления   (7555А-8609680), 751211-8609680, запчасти белаз
Запчасти Белаз;751211-8609686 рукав высокого давления   (7555А-8609686);751211-8609686;рукав высокого давления   (7555А-8609686);726.00р.;;;;;;;предоплата;31;Белаз;751211-8609686 рукав высокого давления   (7555А-8609686), 751211-8609686, запчасти белаз
Запчасти Белаз;751211-8609694 рукав высокого давления   (7555А-8609690);751211-8609694;рукав высокого давления   (7555А-8609690);836.00р.;;;;;;;предоплата;19;Белаз;751211-8609694 рукав высокого давления   (7555А-8609690), 751211-8609694, запчасти белаз
Запчасти Белаз;75131-8609670 рукав высокого давления   ;75131-8609670;рукав высокого давления   ;429.00р.;;;;;;;предоплата;60;Белаз;75131-8609670 рукав высокого давления   , 75131-8609670, запчасти белаз
Запчасти Белаз;75131-8609676 рукав высокого давления   ;75131-8609676;рукав высокого давления   ;429.00р.;;;;;;;предоплата;60;Белаз;75131-8609676 рукав высокого давления   , 75131-8609676, запчасти белаз
Запчасти Белаз;75131-8609680 рукав высокого давления   ;75131-8609680;рукав высокого давления   ;484.00р.;;;;;;;предоплата;10;Белаз;75131-8609680 рукав высокого давления   , 75131-8609680, запчасти белаз
Запчасти Белаз;75131-8609686 рукав высокого давления   ;75131-8609686;рукав высокого давления   ;484.00р.;;;;;;;предоплата;1;Белаз;75131-8609686 рукав высокого давления   , 75131-8609686, запчасти белаз
Запчасти Белаз;75131-8609690 рукав высокого давления   ;75131-8609690;рукав высокого давления   ;484.00р.;;;;;;;предоплата;4;Белаз;75131-8609690 рукав высокого давления   , 75131-8609690, запчасти белаз
Запчасти Белаз;75131-8609694 рукав высокого давления   ;75131-8609694;рукав высокого давления   ;506.00р.;;;;;;;предоплата;24;Белаз;75131-8609694 рукав высокого давления   , 75131-8609694, запчасти белаз
Запчасти Белаз;75131-8609700 рукав высокого давления   ;75131-8609700;рукав высокого давления   ;506.00р.;;;;;;;предоплата;10;Белаз;75131-8609700 рукав высокого давления   , 75131-8609700, запчасти белаз
Запчасти Белаз;75131-8609704 рукав высокого давления   ;75131-8609704;рукав высокого давления   ;539.00р.;;;;;;;предоплата;10;Белаз;75131-8609704 рукав высокого давления   , 75131-8609704, запчасти белаз
Запчасти Белаз;75131-8609710 рукав высокого давления   ;75131-8609710;рукав высокого давления   ;539.00р.;;;;;;;предоплата;10;Белаз;75131-8609710 рукав высокого давления   , 75131-8609710, запчасти белаз
Запчасти Белаз;75131-8609714 рукав высокого давления   ;75131-8609714;рукав высокого давления   ;561.00р.;;;;;;;предоплата;10;Белаз;75131-8609714 рукав высокого давления   , 75131-8609714, запчасти белаз
Запчасти Белаз;75131-8609800 рукав высокого давления   ;75131-8609800;рукав высокого давления   ;605.00р.;;;;;;;предоплата;28;Белаз;75131-8609800 рукав высокого давления   , 75131-8609800, запчасти белаз
Запчасти Белаз;01.93.00.00-00 замок двери левый   (7545);01.93.00.00-00;замок двери левый   (7545);1,039.50р.;;;;;;;предоплата;2;Белаз;01.93.00.00-00 замок двери левый   (7545), 01.93.00.00-00, запчасти белаз
Запчасти Белаз;01.93.00.00-01 замок двери правый   (75481);01.93.00.00-01;замок двери правый   (75481);1,039.50р.;;;;;;;предоплата;2;Белаз;01.93.00.00-01 замок двери правый   (75481), 01.93.00.00-01, запчасти белаз
Запчасти Белаз;1.3.Ц6XP маслёнка  (прямая);1.3.Ц6XP;маслёнка  (прямая);7.70р.;;;;;;;предоплата;100;Белаз;1.3.Ц6XP маслёнка  (прямая), 1.3.Ц6XP, запчасти белаз
Запчасти Белаз;2.3.45.Ц6XP маслёнка  (угловая 45^);2.3.45.Ц6XP;маслёнка  (угловая 45^);7.70р.;;;;;;;предоплата;100;Белаз;2.3.45.Ц6XP маслёнка  (угловая 45^), 2.3.45.Ц6XP, запчасти белаз
Запчасти Белаз;2.3.90.Ц6XP маслёнка  (угловая 90^);2.3.90.Ц6XP;маслёнка  (угловая 90^);7.70р.;;;;;;;предоплата;100;Белаз;2.3.90.Ц6XP маслёнка  (угловая 90^), 2.3.90.Ц6XP, запчасти белаз
Запчасти Белаз;1.2-50х70-3 сальник с пружиной   (535-3401025);1.2-50х70-3;сальник с пружиной   (535-3401025);38.50р.;;;;;;;предоплата;40;Белаз;1.2-50х70-3 сальник с пружиной   (535-3401025), 1.2-50х70-3, запчасти белаз
Запчасти Белаз;1.2-70х95-1 манжета армированная;1.2-70х95-1;манжета армированная;44.00р.;;;;;;;предоплата;50;Белаз;1.2-70х95-1 манжета армированная, 1.2-70х95-1, запчасти белаз
Запчасти Белаз;1.2-90х120-1 сальник с пружиной;1.2-90х120-1;сальник с пружиной;88.00р.;;;;;;;предоплата;20;Белаз;1.2-90х120-1 сальник с пружиной, 1.2-90х120-1, запчасти белаз
Запчасти Белаз;2.2-90х120 сальник с пружиной;2.2-90х120;сальник с пружиной;88.00р.;;;;;;;предоплата;20;Белаз;2.2-90х120 сальник с пружиной, 2.2-90х120, запчасти белаз
Запчасти Белаз;1.2-92х120-3 сальник с пружиной;1.2-92х120-3;сальник с пружиной;88.00р.;;;;;;;предоплата;20;Белаз;1.2-92х120-3 сальник с пружиной, 1.2-92х120-3, запчасти белаз
Запчасти Белаз;2.2-92х120-3 сальник с пружиной    (549А-3501051);2.2-92х120-3;сальник с пружиной    (549А-3501051);88.00р.;;;;;;;предоплата;20;Белаз;2.2-92х120-3 сальник с пружиной    (549А-3501051), 2.2-92х120-3, запчасти белаз
Запчасти Белаз;1.2-105х138-3 сальник с пружиной    (535А-1802061);1.2-105х138-3;сальник с пружиной    (535А-1802061);55.00р.;;;;;;;предоплата;20;Белаз;1.2-105х138-3 сальник с пружиной    (535А-1802061), 1.2-105х138-3, запчасти белаз
Запчасти Белаз;1.2-120х150-4 сальник с пружиной;1.2-120х150-4;сальник с пружиной;99.00р.;;;;;;;предоплата;20;Белаз;1.2-120х150-4 сальник с пружиной, 1.2-120х150-4, запчасти белаз
Запчасти Белаз;2.2-120х150-3 сальник с пружиной;2.2-120х150-3;сальник с пружиной;99.00р.;;;;;;;предоплата;20;Белаз;2.2-120х150-3 сальник с пружиной, 2.2-120х150-3, запчасти белаз
Запчасти Белаз;1.2-160х190-3 сальник с пружиной;1.2-160х190-3;сальник с пружиной;99.00р.;;;;;;;предоплата;100;Белаз;1.2-160х190-3 сальник с пружиной, 1.2-160х190-3, запчасти белаз
Запчасти Белаз;1.2-260х300-1 сальник с пружиной    (525-3104037-01);1.2-260х300-1;сальник с пружиной    (525-3104037-01);352.00р.;;;;;;;предоплата;100;Белаз;1.2-260х300-1 сальник с пружиной    (525-3104037-01), 1.2-260х300-1, запчасти белаз
Запчасти Белаз;1.2-280х320-1 сальник с пружиной    (7555Е-3103058);1.2-280х320-1;сальник с пружиной    (7555Е-3103058);374.00р.;;;;;;;предоплата;20;Белаз;1.2-280х320-1 сальник с пружиной    (7555Е-3103058), 1.2-280х320-1, запчасти белаз
Запчасти Белаз;1.2-320х360-3 сальник с пружиной;1.2-320х360-3;сальник с пружиной;385.00р.;;;;;;;предоплата;40;Белаз;1.2-320х360-3 сальник с пружиной, 1.2-320х360-3, запчасти белаз
Запчасти Белаз;2.2-320х360-3 сальник с пружиной;2.2-320х360-3;сальник с пружиной;396.00р.;;;;;;;предоплата;40;Белаз;2.2-320х360-3 сальник с пружиной, 2.2-320х360-3, запчасти белаз
Запчасти Белаз;3-60х40-6 манжета неармированная   (549А-3519342);3-60х40-6;манжета неармированная   (549А-3519342);44.00р.;;;;;;;предоплата;10;Белаз;3-60х40-6 манжета неармированная   (549А-3519342), 3-60х40-6, запчасти белаз
Запчасти Белаз;1450-2х21х14 ремень   (695-1308020);1450-2х21х14;ремень   (695-1308020);308.00р.;;;;;;;предоплата;10;Белаз;1450-2х21х14 ремень   (695-1308020), 1450-2х21х14, запчасти белаз
Запчасти Белаз;1650-21х14 ремень   (130-3407209);1650-21х14;ремень   (130-3407209);330.00р.;;;;;;;предоплата;10;Белаз;1650-21х14 ремень   (130-3407209), 1650-21х14, запчасти белаз
Запчасти Белаз;1735-11х21х14 ремень   (204-1308020);1735-11х21х14;ремень   (204-1308020);374.00р.;;;;;;;предоплата;10;Белаз;1735-11х21х14 ремень   (204-1308020), 1735-11х21х14, запчасти белаз
Запчасти Белаз;1950-2х21х14 ремень   (00368);1950-2х21х14;ремень   (00368);396.00р.;;;;;;;предоплата;10;Белаз;1950-2х21х14 ремень   (00368), 1950-2х21х14, запчасти белаз
Запчасти Белаз;341274 шпилька;341274;шпилька;99.00р.;;;;;;;предоплата;50;Белаз;341274 шпилька, 341274, запчасти белаз
Запчасти Белаз;341275 шпилька;341275;шпилька;110.00р.;;;;;;;предоплата;100;Белаз;341275 шпилька, 341275, запчасти белаз
Запчасти Белаз;341276 шпилька;341276;шпилька;121.00р.;;;;;;;предоплата;100;Белаз;341276 шпилька, 341276, запчасти белаз
Запчасти Белаз;341282 шпилька;341282;шпилька;429.00р.;;;;;;;предоплата;20;Белаз;341282 шпилька, 341282, запчасти белаз
Запчасти Белаз;341284 шпилька;341284;шпилька;319.00р.;;;;;;;предоплата;20;Белаз;341284 шпилька, 341284, запчасти белаз
Запчасти Белаз;341289 шпилька крепления колеса;341289;шпилька крепления колеса;363.00р.;;;;;;;предоплата;20;Белаз;341289 шпилька крепления колеса, 341289, запчасти белаз
Запчасти Белаз;342408 гайка крепления колеса;342408;гайка крепления колеса;82.50р.;;;;;;;предоплата;100;Белаз;342408 гайка крепления колеса, 342408, запчасти белаз
Запчасти Белаз;ЦИКС467.845.004 пульт (табло к ПУЗ);ЦИКС467.845.004;пульт (табло к ПУЗ);3,410.00р.;;;;;;;предоплата;2;Белаз;ЦИКС467.845.004 пульт (табло к ПУЗ), ЦИКС467.845.004, запчасти белаз
Запчасти Белаз;"БК-75131.30 блок коммутации 24В ОДО ""ПАВЕЖ""";БК-75131.30;"блок коммутации 24В ОДО ""ПАВЕЖ""";39,710.00р.;;;;;;;предоплата;1;Белаз;"БК-75131.30 блок коммутации 24В ОДО ""ПАВЕЖ"", БК-75131.30, запчасти белаз"
Запчасти Белаз;"БК-7547.10 блок коммутации 24В ОДО ""ПАВЕЖ""";БК-7547.10;"блок коммутации 24В ОДО ""ПАВЕЖ""";39,710.00р.;;;;;;;предоплата;2;Белаз;"БК-7547.10 блок коммутации 24В ОДО ""ПАВЕЖ"", БК-7547.10, запчасти белаз"
Запчасти Белаз;ВК 322 включатель   (7540-3573410);ВК 322;включатель   (7540-3573410);84.70р.;;;;;;;предоплата;15;Белаз;ВК 322 включатель   (7540-3573410), ВК 322, запчасти белаз
Запчасти Белаз;ВК 856 замок-выключатель;ВК 856;замок-выключатель;379.50р.;;;;;;;предоплата;10;Белаз;ВК 856 замок-выключатель, ВК 856, запчасти белаз
Запчасти Белаз;ВК 860 выключатель массы    (1410.3737)   50 Ам;ВК 860;выключатель массы    (1410.3737)   50 Ам;869.00р.;;;;;;;предоплата;10;Белаз;ВК 860 выключатель массы    (1410.3737)   50 Ам, ВК 860, запчасти белаз
Запчасти Белаз;ВРЕИ 203621-008 зеркало наружное заднего вида  (200х360);ВРЕИ 203621-008;зеркало наружное заднего вида  (200х360);869.00р.;;;;;;;предоплата;20;Белаз;ВРЕИ 203621-008 зеркало наружное заднего вида  (200х360), ВРЕИ 203621-008, запчасти белаз
Запчасти Белаз;ВРЕИ 203621-009 зеркало наружное заднего вида  (360х470);ВРЕИ 203621-009;зеркало наружное заднего вида  (360х470);1,067.00р.;;;;;;;предоплата;10;Белаз;ВРЕИ 203621-009 зеркало наружное заднего вида  (360х470), ВРЕИ 203621-009, запчасти белаз
Запчасти Белаз;ДГС-М 301-24-01 датчик-гидросигнализатор;ДГС-М 301-24-01;датчик-гидросигнализатор;1,705.00р.;;;;;;;предоплата;10;Белаз;ДГС-М 301-24-01 датчик-гидросигнализатор, ДГС-М 301-24-01, запчасти белаз
Запчасти Белаз;ДСФ-45  датчик засоренности воздушного фильтра;ДСФ-45 ;датчик засоренности воздушного фильтра;297.00р.;;;;;;;предоплата;4;Белаз;ДСФ-45  датчик засоренности воздушного фильтра, ДСФ-45 , запчасти белаз
Запчасти Белаз;ДСФ-65  датчик засоренности воздушного фильтра;ДСФ-65 ;датчик засоренности воздушного фильтра;297.00р.;;;;;;;предоплата;4;Белаз;ДСФ-65  датчик засоренности воздушного фильтра, ДСФ-65 , запчасти белаз
Запчасти Белаз;ДЧ-1 датчик частоты вращения   (ДЧ-01);ДЧ-1;датчик частоты вращения   (ДЧ-01);5,390.00р.;;;;;;;предоплата;4;Белаз;ДЧ-1 датчик частоты вращения   (ДЧ-01), ДЧ-1, запчасти белаз
Запчасти Белаз;ДЧХ-8М-В датчик частоты вращения;ДЧХ-8М-В;датчик частоты вращения;3,630.00р.;;;;;;;предоплата;40;Белаз;ДЧХ-8М-В датчик частоты вращения, ДЧХ-8М-В, запчасти белаз
Запчасти Белаз;ММ 111А-3810600  датчик давления масла    (ДАДМ-01,ММ 111Д);ММ 111А-3810600 ;датчик давления масла    (ДАДМ-01,ММ 111Д);33.00р.;;;;;;;предоплата;10;Белаз;ММ 111А-3810600  датчик давления масла    (ДАДМ-01,ММ 111Д), ММ 111А-3810600 , запчасти белаз
Запчасти Белаз;ММ 111В-3810600  датчик давления масла   (ДАДМ-02);ММ 111В-3810600 ;датчик давления масла   (ДАДМ-02);187.00р.;;;;;;;предоплата;10;Белаз;ММ 111В-3810600  датчик давления масла   (ДАДМ-02), ММ 111В-3810600 , запчасти белаз
Запчасти Белаз;ММ 124-3810600 датчик давления воздуха    (ДАДВ,-01,-02);ММ 124-3810600;датчик давления воздуха    (ДАДВ,-01,-02);71.50р.;;;;;;;предоплата;10;Белаз;ММ 124-3810600 датчик давления воздуха    (ДАДВ,-01,-02), ММ 124-3810600, запчасти белаз
Запчасти Белаз;ММ 125-3810600 датчик давления масла   (ВПСТ);ММ 125-3810600;датчик давления масла   (ВПСТ);49.50р.;;;;;;;предоплата;10;Белаз;ММ 125-3810600 датчик давления масла   (ВПСТ), ММ 125-3810600, запчасти белаз
Запчасти Белаз;ММ 126-3810601 датчик давления масла  ;ММ 126-3810601;датчик давления масла  ;198.00р.;;;;;;;предоплата;10;Белаз;ММ 126-3810601 датчик давления масла  , ММ 126-3810601, запчасти белаз
Запчасти Белаз;НШ-50 У-З насос правый;НШ-50 У-З;насос правый;2,475.00р.;;;;;;;предоплата;2;Белаз;НШ-50 У-З насос правый, НШ-50 У-З, запчасти белаз
Запчасти Белаз;НШ-50 У-ЗЛ насос левый;НШ-50 У-ЗЛ;насос левый;2,475.00р.;;;;;;;предоплата;2;Белаз;НШ-50 У-ЗЛ насос левый, НШ-50 У-ЗЛ, запчасти белаз
Запчасти Белаз;П 145-3726000 переключатель;П 145-3726000;переключатель;759.00р.;;;;;;;предоплата;2;Белаз;П 145-3726000 переключатель, П 145-3726000, запчасти белаз
Запчасти Белаз;П 147-3709000 переключатель   (П 147-3709-03.11);П 147-3709000;переключатель   (П 147-3709-03.11);121.00р.;;;;;;;предоплата;2;Белаз;П 147-3709000 переключатель   (П 147-3709-03.11), П 147-3709000, запчасти белаз
Запчасти Белаз;П 602-3709210 переключатель подъёма кузова    (ПК-1-02);П 602-3709210;переключатель подъёма кузова    (ПК-1-02);209.00р.;;;;;;;предоплата;10;Белаз;П 602-3709210 переключатель подъёма кузова    (ПК-1-02), П 602-3709210, запчасти белаз
Запчасти Белаз;П 852-1705000 пульт переключения передач (для 3-х ступ. ГМП);П 852-1705000;пульт переключения передач (для 3-х ступ. ГМП);3,069.00р.;;;;;;;предоплата;53;Белаз;П 852-1705000 пульт переключения передач (для 3-х ступ. ГМП), П 852-1705000, запчасти белаз
Запчасти Белаз;ПВ 100 предохранитель  (100Ам);ПВ 100;предохранитель  (100Ам);159.50р.;;;;;;;предоплата;20;Белаз;ПВ 100 предохранитель  (100Ам), ПВ 100, запчасти белаз
Запчасти Белаз;ПУ 3 БМ пульт ГМП 6+1;ПУ 3 БМ;пульт ГМП 6+1;43,890.00р.;;;;;;;предоплата;2;Белаз;ПУ 3 БМ пульт ГМП 6+1, ПУ 3 БМ, запчасти белаз
Запчасти Белаз;ПУ 3 БМ-1  (ПУ 3-3) пульт ГМП 5+2;ПУ 3 БМ-1  (ПУ 3-3);пульт ГМП 5+2;43,890.00р.;;;;;;;предоплата;1;Белаз;ПУ 3 БМ-1  (ПУ 3-3) пульт ГМП 5+2, ПУ 3 БМ-1  (ПУ 3-3), запчасти белаз
Запчасти Белаз;РГС3-6/3 СЕ34 А Г24У1 гидрораспределитель блока управления  (РГС 5);РГС3-6/3 СЕ34 А Г24У1;гидрораспределитель блока управления  (РГС 5);8,250.00р.;;;;;;;предоплата;2;Белаз;РГС3-6/3 СЕ34 А Г24У1 гидрораспределитель блока управления  (РГС 5), РГС3-6/3 СЕ34 А Г24У1, запчасти белаз
Запчасти Белаз;РГС3-6/3 СЕ44 А Г24У1 гидрораспределитель блока управления  (РГС 5);РГС3-6/3 СЕ44 А Г24У1;гидрораспределитель блока управления  (РГС 5);8,250.00р.;;;;;;;предоплата;2;Белаз;РГС3-6/3 СЕ44 А Г24У1 гидрораспределитель блока управления  (РГС 5), РГС3-6/3 СЕ44 А Г24У1, запчасти белаз
Запчасти Белаз;РН 21-М регулятор напряжения   (21.3702000);РН 21-М;регулятор напряжения   (21.3702000);6,050.00р.;;;;;;;предоплата;1;Белаз;РН 21-М регулятор напряжения   (21.3702000), РН 21-М, запчасти белаз
Запчасти Белаз;РУ БГТ-1-24-1 реле управления блокировкой гидротрансформатора;РУ БГТ-1-24-1;реле управления блокировкой гидротрансформатора;7,040.00р.;;;;;;;предоплата;4;Белаз;РУ БГТ-1-24-1 реле управления блокировкой гидротрансформатора, РУ БГТ-1-24-1, запчасти белаз
Запчасти Белаз;РУ БГТ-1-24-2 реле управления блокировкой гидротрансформатора;РУ БГТ-1-24-2;реле управления блокировкой гидротрансформатора;7,150.00р.;;;;;;;предоплата;4;Белаз;РУ БГТ-1-24-2 реле управления блокировкой гидротрансформатора, РУ БГТ-1-24-2, запчасти белаз
Запчасти Белаз;РУ БГТ-1-24-4  реле управления блокировкой гидротрансформатора;РУ БГТ-1-24-4 ;реле управления блокировкой гидротрансформатора;7,150.00р.;;;;;;;предоплата;8;Белаз;РУ БГТ-1-24-4  реле управления блокировкой гидротрансформатора, РУ БГТ-1-24-4 , запчасти белаз
Запчасти Белаз;С 313 сигнал заднего хода;С 313;сигнал заднего хода;319.00р.;;;;;;;предоплата;10;Белаз;С 313 сигнал заднего хода, С 313, запчасти белаз
Запчасти Белаз;С 314 сигнал передний     (С 314 Г);С 314;сигнал передний     (С 314 Г);539.00р.;;;;;;;предоплата;2;Белаз;С 314 сигнал передний     (С 314 Г), С 314, запчасти белаз
Запчасти Белаз;СВН 1-24  счетчик моточасов  (электрический);СВН 1-24 ;счетчик моточасов  (электрический);2,640.00р.;;;;;;;предоплата;4;Белаз;СВН 1-24  счетчик моточасов  (электрический), СВН 1-24 , запчасти белаз
Запчасти Белаз;СВН 2-24 счетчик моточасов  (электро-механический);СВН 2-24;счетчик моточасов  (электро-механический);847.00р.;;;;;;;предоплата;1;Белаз;СВН 2-24 счетчик моточасов  (электро-механический), СВН 2-24, запчасти белаз
Запчасти Белаз;СП 153-3802010 УХЛ указатель спидометра;СП 153-3802010 УХЛ;указатель спидометра;1,089.00р.;;;;;;;предоплата;4;Белаз;СП 153-3802010 УХЛ указатель спидометра, СП 153-3802010 УХЛ, запчасти белаз
Запчасти Белаз;СПВЛ сигнализатор  (Устройство СПВЛ);СПВЛ;сигнализатор  (Устройство СПВЛ);15,950.00р.;;;;;;;предоплата;4;Белаз;СПВЛ сигнализатор  (Устройство СПВЛ), СПВЛ, запчасти белаз
Запчасти Белаз;ТМ 100В-3808000 датчик температуры    (ДУТЖ, ДУТЖ-01);ТМ 100В-3808000;датчик температуры    (ДУТЖ, ДУТЖ-01);148.50р.;;;;;;;предоплата;10;Белаз;ТМ 100В-3808000 датчик температуры    (ДУТЖ, ДУТЖ-01), ТМ 100В-3808000, запчасти белаз
Запчасти Белаз;ТМ 111-3808000 датчик температуры    (ДАДЖ);ТМ 111-3808000;датчик температуры    (ДАДЖ);198.00р.;;;;;;;предоплата;10;Белаз;ТМ 111-3808000 датчик температуры    (ДАДЖ), ТМ 111-3808000, запчасти белаз
Запчасти Белаз;УБ 170-3806010 указатель уровня топлива  (ЭИ 8057/2);УБ 170-3806010;указатель уровня топлива  (ЭИ 8057/2);429.00р.;;;;;;;предоплата;2;Белаз;УБ 170-3806010 указатель уровня топлива  (ЭИ 8057/2), УБ 170-3806010, запчасти белаз
Запчасти Белаз;УК 168-3810010 указатель давления масла  (2х10 атм);УК 168-3810010;указатель давления масла  (2х10 атм);902.00р.;;;;;;;предоплата;2;Белаз;УК 168-3810010 указатель давления масла  (2х10 атм), УК 168-3810010, запчасти белаз
Запчасти Белаз;УК 170-380601003 указатель давления масла   (0-20 атм);УК 170-380601003;указатель давления масла   (0-20 атм);198.00р.;;;;;;;предоплата;2;Белаз;УК 170-380601003 указатель давления масла   (0-20 атм), УК 170-380601003, запчасти белаз
Запчасти Белаз;УК 171-380601001 указатель температуры  (40-120 С);УК 171-380601001;указатель температуры  (40-120 С);242.00р.;;;;;;;предоплата;2;Белаз;УК 171-380601001 указатель температуры  (40-120 С), УК 171-380601001, запчасти белаз
Запчасти Белаз;УП 115 В указатель поворота;УП 115 В;указатель поворота;82.50р.;;;;;;;предоплата;10;Белаз;УП 115 В указатель поворота, УП 115 В, запчасти белаз
Запчасти Белаз;ФГ 16 К фара передняя круглая;ФГ 16 К;фара передняя круглая;561.00р.;;;;;;;предоплата;10;Белаз;ФГ 16 К фара передняя круглая, ФГ 16 К, запчасти белаз
Запчасти Белаз;ФГ 122-3711 ВВ фара передняя;ФГ 122-3711 ВВ;фара передняя;429.00р.;;;;;;;предоплата;2;Белаз;ФГ 122-3711 ВВ фара передняя, ФГ 122-3711 ВВ, запчасти белаз
Запчасти Белаз;ФП 130 В фонарь левый задний;ФП 130 В;фонарь левый задний;319.00р.;;;;;;;предоплата;5;Белаз;ФП 130 В фонарь левый задний, ФП 130 В, запчасти белаз
Запчасти Белаз;ФП 130 Г фонарь правый задний;ФП 130 Г;фонарь правый задний;319.00р.;;;;;;;предоплата;5;Белаз;ФП 130 Г фонарь правый задний, ФП 130 Г, запчасти белаз
Запчасти Белаз;Ш1-3911010 шприц рычажно-плунжерный;Ш1-3911010;шприц рычажно-плунжерный;979.00р.;;;;;;;предоплата;10;Белаз;Ш1-3911010 шприц рычажно-плунжерный, Ш1-3911010, запчасти белаз
Запчасти Белаз;129316 ЕС17 подшипник   (98316);129316 ЕС17;подшипник   (98316);1,914.00р.;;;;;;;предоплата;12;Белаз;129316 ЕС17 подшипник   (98316), 129316 ЕС17, запчасти белаз
Запчасти Белаз;6-ШСЛ 60 подшипник;6-ШСЛ 60;подшипник;2,695.00р.;;;;;;;предоплата;15;Белаз;6-ШСЛ 60 подшипник, 6-ШСЛ 60, запчасти белаз
Запчасти Белаз;ШСЛ 60 К подшипник;ШСЛ 60 К;подшипник;484.00р.;;;;;;;предоплата;100;Белаз;ШСЛ 60 К подшипник, ШСЛ 60 К, запчасти белаз
Запчасти Белаз;66322ЛУ подшипник;66322ЛУ;подшипник;6,490.00р.;;;;;;;предоплата;17;Белаз;66322ЛУ подшипник, 66322ЛУ, запчасти белаз
Запчасти Белаз;2324М подшипник;2324М;подшипник;7,590.00р.;;;;;;;предоплата;6;Белаз;2324М подшипник, 2324М, запчасти белаз
Запчасти Белаз;46320ЛУ подшипник;46320ЛУ;подшипник;5,390.00р.;;;;;;;предоплата;2;Белаз;46320ЛУ подшипник, 46320ЛУ, запчасти белаз
Запчасти Белаз;7217 подшипник;7217;подшипник;2,750.00р.;;;;;;;предоплата;7;Белаз;7217 подшипник, 7217, запчасти белаз
Запчасти Белаз;238H-1109080 Ф/элемент очистки воздуха  (В 4301 М) (238H-1109010-22);238H-1109080;Ф/элемент очистки воздуха  (В 4301 М) (238H-1109010-22);605.00р.;;;;;;;предоплата;10;Белаз;238H-1109080 Ф/элемент очистки воздуха  (В 4301 М) (238H-1109010-22), 238H-1109080, запчасти белаз
Запчасти Белаз;200.00.100 Ф/эл. очистки воздуха наружный   (В 4305 МК, ЭФИ-СФ-01-03-01);200.00.100;Ф/эл. очистки воздуха наружный   (В 4305 МК, ЭФИ-СФ-01-03-01);4,290.00р.;;;;;;;предоплата;20;Белаз;200.00.100 Ф/эл. очистки воздуха наружный   (В 4305 МК, ЭФИ-СФ-01-03-01), 200.00.100, запчасти белаз
Запчасти Белаз;200.00.200 Ф/эл. очистки воздуха внутренний (В 4305-01 МК, ЭФИ-СФ-01-03);200.00.200;Ф/эл. очистки воздуха внутренний (В 4305-01 МК, ЭФИ-СФ-01-03);1,595.00р.;;;;;;;предоплата;20;Белаз;200.00.200 Ф/эл. очистки воздуха внутренний (В 4305-01 МК, ЭФИ-СФ-01-03), 200.00.200, запчасти белаз
Запчасти ЯМЗ/V/разное;238-1601130 Диск сцепления ведомый (ZTD);238-1601130;Диск сцепления ведомый (ZTD);1,668.00р.;;;;;;;предоплата;27;рзн;238-1601130 Диск сцепления ведомый (ZTD)
Запчасти ЯМЗ/V/разное;238-1601131 Диск сцепления ведомый (ZTD);238-1601131;Диск сцепления ведомый (ZTD);2,696.06р.;;;;;;;предоплата;27;рзн;238-1601131 Диск сцепления ведомый (ZTD)
Запчасти ЯМЗ/V/разное;8481-1308012 Кральчатка пластиковая  чёрная;8481-1308012;Кральчатка пластиковая  чёрная;14,000.00р.;;;;;;;предоплата;2;тмз;8481-1308012 Кральчатка пластиковая  чёрная
Запчасти ЯМЗ/V/разное;651-1307010 Насос водяной в сборе (к-й);651-1307010;Насос водяной в сборе (к-й);26,443.80р.;;;;;;;предоплата;есть;рзн;651-1307010 Насос водяной в сборе (к-й)
Запчасти ЯМЗ/V/разное;DOW Corning 7091 Герметик 310мл;DOW Corning 7091;Герметик 310мл;1,800.00р.;;;;;;;предоплата;есть;рзн;DOW Corning 7091 Герметик 310мл
Запчасти ЯМЗ/V/разное;5340-1112010-К Форсунка 0445120178 кит-й;5340-1112010-К;Форсунка 0445120178 кит-й;14,000.00р.;;;;;;;предоплата;есть;рзн;5340-1112010-К Форсунка 0445120178 кит-й
